[146月2025 14:55:23.435] [main/INFO] [cpw.mods.modlauncher.Launcher/MODLAUNCHER]: ModLauncher running: args [--launchTarget, forgeclientuserdev, --version, MOD_DEV, --assetIndex, 1.19, --assetsDir, C:\Users\88698\.gradle\caches\forge_gradle\assets, --gameDir, ., --fml.forgeVersion, 43.4.13, --fml.mcVersion, 1.19.2, --fml.forgeGroup, net.minecraftforge, --fml.mcpVersion, 20220805.130853]
[146月2025 14:55:23.441] [main/INFO] [cpw.mods.modlauncher.Launcher/MODLAUNCHER]: ModLauncher 10.0.9+10.0.9+main.dcd20f30 starting: java version 17.0.13 by Amazon.com Inc.; OS Windows 10 arch amd64 version 10.0
[146月2025 14:55:23.474] [main/DEBUG] [cpw.mods.modlauncher.LaunchServiceHandler/MODLAUNCHER]: Found launch services [fmlclientdev,forgeclient,minecraft,forgegametestserverdev,fmlserveruserdev,fmlclient,fmldatauserdev,forgeserverdev,forgeserveruserdev,forgeclientdev,forgeclientuserdev,forgeserver,forgedatadev,fmlserver,fmlclientuserdev,fmlserverdev,forgedatauserdev,testharness,forgegametestserveruserdev]
[146月2025 14:55:23.487] [main/DEBUG] [cpw.mods.modlauncher.NameMappingServiceHandler/MODLAUNCHER]: Found naming services : [srgtomcp]
[146月2025 14:55:23.513] [main/DEBUG] [cpw.mods.modlauncher.LaunchPluginHandler/MODLAUNCHER]: Found launch plugins: [mixin,eventbus,slf4jfixer,object_holder_definalize,runtime_enum_extender,capability_token_subclass,accesstransformer,runtimedistcleaner]
[146月2025 14:55:23.529] [main/DEBUG] [cpw.mods.modlauncher.TransformationServicesHandler/MODLAUNCHER]: Discovering transformation services
[146月2025 14:55:23.539] [main/DEBUG] [cpw.mods.modlauncher.TransformationServicesHandler/MODLAUNCHER]: Found additional transformation services from discovery services: 
[146月2025 14:55:23.558] [main/DEBUG] [cpw.mods.modlauncher.TransformationServicesHandler/MODLAUNCHER]: Found transformer services : [mixin,fml]
[146月2025 14:55:23.559] [main/DEBUG] [cpw.mods.modlauncher.TransformationServicesHandler/MODLAUNCHER]: Transformation services loading
[146月2025 14:55:23.560] [main/DEBUG] [cpw.mods.modlauncher.TransformationServiceDecorator/MODLAUNCHER]: Loading service mixin
[146月2025 14:55:23.560] [main/DEBUG] [cpw.mods.modlauncher.TransformationServiceDecorator/MODLAUNCHER]: Loaded service mixin
[146月2025 14:55:23.561] [main/DEBUG] [cpw.mods.modlauncher.TransformationServiceDecorator/MODLAUNCHER]: Loading service fml
[146月2025 14:55:23.565] [main/DEBUG] [net.minecraftforge.fml.loading.LauncherVersion/CORE]: Found FMLLauncher version 1.0
[146月2025 14:55:23.567] [main/DEBUG] [net.minecraftforge.fml.loading.FMLLoader/CORE]: FML 1.0 loading
[146月2025 14:55:23.567] [main/DEBUG] [net.minecraftforge.fml.loading.FMLLoader/CORE]: FML found ModLauncher version : 10.0.9+10.0.9+main.dcd20f30
[146月2025 14:55:23.567] [main/DEBUG] [net.minecraftforge.fml.loading.FMLLoader/CORE]: Requesting CoreMods to not apply the fix for ASMAPI.findFirstInstructionBefore by default
[146月2025 14:55:23.569] [main/DEBUG] [net.minecraftforge.fml.loading.FMLLoader/CORE]: FML found AccessTransformer version : 8.0.4+66+master.c09db6d7
[146月2025 14:55:23.570] [main/DEBUG] [net.minecraftforge.fml.loading.FMLLoader/CORE]: FML found EventBus version : 6.0.3+6.0.3+master.039e4ea9
[146月2025 14:55:23.570] [main/DEBUG] [net.minecraftforge.fml.loading.FMLLoader/CORE]: Found Runtime Dist Cleaner
[146月2025 14:55:23.574] [main/DEBUG] [net.minecraftforge.coremod.CoreModEngine/]: CoreMods will preserve legacy behavior of ASMAPI.findFirstInstructionBefore for backwards-compatibility
[146月2025 14:55:23.575] [main/DEBUG] [net.minecraftforge.fml.loading.FMLLoader/CORE]: FML found CoreMod version : 5.2.4
[146月2025 14:55:23.576] [main/DEBUG] [net.minecraftforge.fml.loading.FMLLoader/CORE]: Found ForgeSPI package implementation version 6.0.0+6.0.0+master.42474703
[146月2025 14:55:23.578] [main/DEBUG] [net.minecraftforge.fml.loading.FMLLoader/CORE]: Found ForgeSPI package specification 5
[146月2025 14:55:23.580] [main/DEBUG] [cpw.mods.modlauncher.TransformationServiceDecorator/MODLAUNCHER]: Loaded service fml
[146月2025 14:55:23.582] [main/DEBUG] [cpw.mods.modlauncher.TransformationServicesHandler/MODLAUNCHER]: Configuring option handling for services
[146月2025 14:55:23.589] [main/DEBUG] [cpw.mods.modlauncher.TransformationServicesHandler/MODLAUNCHER]: Transformation services initializing
[146月2025 14:55:23.590] [main/DEBUG] [cpw.mods.modlauncher.TransformationServiceDecorator/MODLAUNCHER]: Initializing transformation service mixin
[146月2025 14:55:23.604] [main/DEBUG] [mixin/]: MixinService [ModLauncher] was successfully booted in cpw.mods.cl.ModuleClassLoader@1198b989
[146月2025 14:55:23.622] [main/INFO] [mixin/]: SpongePowered MIXIN Subsystem Version=0.8.5 Source=union:/C:/Users/88698/.gradle/caches/modules-2/files-2.1/org.spongepowered/mixin/0.8.5/9d1c0c3a304ae6697ecd477218fa61b850bf57fc/mixin-0.8.5.jar%23127!/ Service=ModLauncher Env=CLIENT
[146月2025 14:55:23.626] [main/DEBUG] [mixin/]: Initialising Mixin Platform Manager
[146月2025 14:55:23.627] [main/DEBUG] [mixin/]: Adding mixin platform agents for container ModLauncher Root Container(ModLauncher:4f56a0a2)
[146月2025 14:55:23.629] [main/DEBUG] [mixin/]: Instancing new MixinPlatformAgentMinecraftForge for ModLauncher Root Container(ModLauncher:4f56a0a2)
[146月2025 14:55:23.630] [main/DEBUG] [mixin/]: MixinPlatformAgentMinecraftForge rejected container ModLauncher Root Container(ModLauncher:4f56a0a2)
[146月2025 14:55:23.630] [main/DEBUG] [mixin/]: Instancing new MixinPlatformAgentDefault for ModLauncher Root Container(ModLauncher:4f56a0a2)
[146月2025 14:55:23.631] [main/DEBUG] [mixin/]: MixinPlatformAgentDefault accepted container ModLauncher Root Container(ModLauncher:4f56a0a2)
[146月2025 14:55:23.632] [main/DEBUG] [cpw.mods.modlauncher.TransformationServiceDecorator/MODLAUNCHER]: Initialized transformation service mixin
[146月2025 14:55:23.633] [main/DEBUG] [cpw.mods.modlauncher.TransformationServiceDecorator/MODLAUNCHER]: Initializing transformation service fml
[146月2025 14:55:23.633] [main/DEBUG] [net.minecraftforge.fml.loading.FMLServiceProvider/CORE]: Setting up basic FML game directories
[146月2025 14:55:23.636] [main/DEBUG] [net.minecraftforge.fml.loading.FileUtils/CORE]: Found existing GAMEDIR directory : C:\Users\88698\git\UBLB\run
[146月2025 14:55:23.637] [main/DEBUG] [net.minecraftforge.fml.loading.FMLPaths/CORE]: Path GAMEDIR is C:\Users\88698\git\UBLB\run
[146月2025 14:55:23.638] [main/DEBUG] [net.minecraftforge.fml.loading.FileUtils/CORE]: Found existing MODSDIR directory : C:\Users\88698\git\UBLB\run\mods
[146月2025 14:55:23.638] [main/DEBUG] [net.minecraftforge.fml.loading.FMLPaths/CORE]: Path MODSDIR is C:\Users\88698\git\UBLB\run\mods
[146月2025 14:55:23.639] [main/DEBUG] [net.minecraftforge.fml.loading.FileUtils/CORE]: Found existing CONFIGDIR directory : C:\Users\88698\git\UBLB\run\config
[146月2025 14:55:23.639] [main/DEBUG] [net.minecraftforge.fml.loading.FMLPaths/CORE]: Path CONFIGDIR is C:\Users\88698\git\UBLB\run\config
[146月2025 14:55:23.639] [main/DEBUG] [net.minecraftforge.fml.loading.FMLPaths/CORE]: Path FMLCONFIG is C:\Users\88698\git\UBLB\run\config\fml.toml
[146月2025 14:55:23.639] [main/DEBUG] [net.minecraftforge.fml.loading.FMLServiceProvider/CORE]: Loading configuration
[146月2025 14:55:23.680] [main/DEBUG] [net.minecraftforge.fml.loading.FileUtils/CORE]: Found existing default config directory directory : C:\Users\88698\git\UBLB\run\defaultconfigs
[146月2025 14:55:23.680] [main/DEBUG] [net.minecraftforge.fml.loading.FMLServiceProvider/CORE]: Preparing ModFile
[146月2025 14:55:23.684] [main/DEBUG] [net.minecraftforge.fml.loading.FMLServiceProvider/CORE]: Preparing launch handler
[146月2025 14:55:23.684] [main/DEBUG] [net.minecraftforge.fml.loading.FMLLoader/CORE]: Using forgeclientuserdev as launch service
[146月2025 14:55:23.696] [main/DEBUG] [net.minecraftforge.fml.loading.FMLLoader/CORE]: Received command line version data  : VersionInfo[forgeVersion=43.4.13, mcVersion=1.19.2, mcpVersion=20220805.130853, forgeGroup=net.minecraftforge]
[146月2025 14:55:23.697] [main/DEBUG] [cpw.mods.modlauncher.TransformationServiceDecorator/MODLAUNCHER]: Initialized transformation service fml
[146月2025 14:55:23.698] [main/DEBUG] [cpw.mods.modlauncher.NameMappingServiceHandler/MODLAUNCHER]: Current naming domain is 'mcp'
[146月2025 14:55:23.700] [main/DEBUG] [cpw.mods.modlauncher.NameMappingServiceHandler/MODLAUNCHER]: Identified name mapping providers {srg=srgtomcp:1234}
[146月2025 14:55:23.700] [main/DEBUG] [cpw.mods.modlauncher.TransformationServicesHandler/MODLAUNCHER]: Transformation services begin scanning
[146月2025 14:55:23.700] [main/DEBUG] [cpw.mods.modlauncher.TransformationServiceDecorator/MODLAUNCHER]: Beginning scan trigger - transformation service mixin
[146月2025 14:55:23.701] [main/DEBUG] [cpw.mods.modlauncher.TransformationServiceDecorator/MODLAUNCHER]: End scan trigger - transformation service mixin
[146月2025 14:55:23.701] [main/DEBUG] [cpw.mods.modlauncher.TransformationServiceDecorator/MODLAUNCHER]: Beginning scan trigger - transformation service fml
[146月2025 14:55:23.701] [main/DEBUG] [net.minecraftforge.fml.loading.FMLServiceProvider/CORE]: Initiating mod scan
[146月2025 14:55:23.710] [main/DEBUG] [net.minecraftforge.fml.loading.moddiscovery.ModListHandler/CORE]: Found mod coordinates from lists: []
[146月2025 14:55:23.713] [main/DEBUG] [net.minecraftforge.fml.loading.moddiscovery.ModDiscoverer/CORE]: Found Mod Locators : (mods folder:null),(maven libs:null),(exploded directory:null),(minecraft:null),(userdev classpath:null)
[146月2025 14:55:23.713] [main/DEBUG] [net.minecraftforge.fml.loading.moddiscovery.ModDiscoverer/CORE]: Found Dependency Locators : (JarInJar:null)
[146月2025 14:55:23.727] [main/DEBUG] [net.minecraftforge.fml.loading.targets.CommonLaunchHandler/CORE]: Got mod coordinates unchartedlandbeginning%%C:\Users\88698\git\UBLB\build\resources\main;unchartedlandbeginning%%C:\Users\88698\git\UBLB\build\classes\java\main from env
[146月2025 14:55:23.729] [main/DEBUG] [net.minecraftforge.fml.loading.targets.CommonLaunchHandler/CORE]: Found supplied mod coordinates [{unchartedlandbeginning=[C:\Users\88698\git\UBLB\build\resources\main, C:\Users\88698\git\UBLB\build\classes\java\main]}]
[146月2025 14:55:23.973] [main/DEBUG] [net.minecraftforge.fml.loading.moddiscovery.ModFileInfo/LOADING]: Found valid mod file forge-1.19.2-43.4.13_mapped_official_1.19.2.jar with {minecraft} mods - versions {1.19.2}
[146月2025 14:55:23.979] [main/DEBUG] [net.minecraftforge.fml.loading.moddiscovery.ModFileParser/LOADING]: Considering mod file candidate C:\Users\88698\.gradle\caches\modules-2\files-2.1\net.minecraftforge\javafmllanguage\1.19.2-43.4.13\eb411a4fd7e7cd314d589e6b663f63ea0e16678a\javafmllanguage-1.19.2-43.4.13.jar
[146月2025 14:55:23.979] [main/WARN] [net.minecraftforge.fml.loading.moddiscovery.ModFileParser/LOADING]: Mod file C:\Users\88698\.gradle\caches\modules-2\files-2.1\net.minecraftforge\javafmllanguage\1.19.2-43.4.13\eb411a4fd7e7cd314d589e6b663f63ea0e16678a\javafmllanguage-1.19.2-43.4.13.jar is missing mods.toml file
[146月2025 14:55:23.983] [main/DEBUG] [net.minecraftforge.fml.loading.moddiscovery.ModFileParser/LOADING]: Considering mod file candidate C:\Users\88698\.gradle\caches\modules-2\files-2.1\net.minecraftforge\lowcodelanguage\1.19.2-43.4.13\60c4ac7e7aaf775192dfa6f1ad0aa970de32bc8f\lowcodelanguage-1.19.2-43.4.13.jar
[146月2025 14:55:23.983] [main/WARN] [net.minecraftforge.fml.loading.moddiscovery.ModFileParser/LOADING]: Mod file C:\Users\88698\.gradle\caches\modules-2\files-2.1\net.minecraftforge\lowcodelanguage\1.19.2-43.4.13\60c4ac7e7aaf775192dfa6f1ad0aa970de32bc8f\lowcodelanguage-1.19.2-43.4.13.jar is missing mods.toml file
[146月2025 14:55:23.987] [main/DEBUG] [net.minecraftforge.fml.loading.moddiscovery.ModFileParser/LOADING]: Considering mod file candidate C:\Users\88698\.gradle\caches\modules-2\files-2.1\net.minecraftforge\mclanguage\1.19.2-43.4.13\aa04d748d221c0510944ab15911d4353214bbcf2\mclanguage-1.19.2-43.4.13.jar
[146月2025 14:55:23.987] [main/WARN] [net.minecraftforge.fml.loading.moddiscovery.ModFileParser/LOADING]: Mod file C:\Users\88698\.gradle\caches\modules-2\files-2.1\net.minecraftforge\mclanguage\1.19.2-43.4.13\aa04d748d221c0510944ab15911d4353214bbcf2\mclanguage-1.19.2-43.4.13.jar is missing mods.toml file
[146月2025 14:55:23.990] [main/DEBUG] [net.minecraftforge.fml.loading.moddiscovery.ModFileParser/LOADING]: Considering mod file candidate C:\Users\88698\.gradle\caches\modules-2\files-2.1\net.minecraftforge\fmlcore\1.19.2-43.4.13\93c39df503e91657e8849d4ce7e0bccb3ff7e1f8\fmlcore-1.19.2-43.4.13.jar
[146月2025 14:55:23.990] [main/WARN] [net.minecraftforge.fml.loading.moddiscovery.ModFileParser/LOADING]: Mod file C:\Users\88698\.gradle\caches\modules-2\files-2.1\net.minecraftforge\fmlcore\1.19.2-43.4.13\93c39df503e91657e8849d4ce7e0bccb3ff7e1f8\fmlcore-1.19.2-43.4.13.jar is missing mods.toml file
[146月2025 14:55:23.995] [main/DEBUG] [net.minecraftforge.fml.loading.moddiscovery.ModFileParser/LOADING]: Considering mod file candidate C:\Users\88698\git\UBLB\build\resources\main
[146月2025 14:55:24.000] [main/DEBUG] [net.minecraftforge.fml.loading.moddiscovery.ModFileInfo/LOADING]: Found valid mod file main with {unchartedlandbeginning} mods - versions {1.19.2}
[146月2025 14:55:24.003] [main/DEBUG] [net.minecraftforge.fml.loading.moddiscovery.ModFileParser/LOADING]: Considering mod file candidate /
[146月2025 14:55:24.005] [main/DEBUG] [net.minecraftforge.fml.loading.moddiscovery.ModFileInfo/LOADING]: Found valid mod file  with {forge} mods - versions {43.4.13}
[146月2025 14:55:24.034] [main/DEBUG] [net.minecraftforge.fml.loading.moddiscovery.AbstractJarFileDependencyLocator/]: Failed to load resource META-INF\jarjar\metadata.json from forge-1.19.2-43.4.13_mapped_official_1.19.2.jar, it does not contain dependency information.
[146月2025 14:55:24.034] [main/DEBUG] [net.minecraftforge.fml.loading.moddiscovery.AbstractJarFileDependencyLocator/]: Failed to load resource META-INF\jarjar\metadata.json from , it does not contain dependency information.
[146月2025 14:55:24.034] [main/DEBUG] [net.minecraftforge.fml.loading.moddiscovery.AbstractJarFileDependencyLocator/]: Failed to load resource META-INF\jarjar\metadata.json from main, it does not contain dependency information.
[146月2025 14:55:24.034] [main/DEBUG] [net.minecraftforge.fml.loading.moddiscovery.AbstractJarFileDependencyLocator/]: Failed to load resource META-INF\jarjar\metadata.json from mclanguage-1.19.2-43.4.13.jar, it does not contain dependency information.
[146月2025 14:55:24.035] [main/DEBUG] [net.minecraftforge.fml.loading.moddiscovery.AbstractJarFileDependencyLocator/]: Failed to load resource META-INF\jarjar\metadata.json from javafmllanguage-1.19.2-43.4.13.jar, it does not contain dependency information.
[146月2025 14:55:24.035] [main/DEBUG] [net.minecraftforge.fml.loading.moddiscovery.AbstractJarFileDependencyLocator/]: Failed to load resource META-INF\jarjar\metadata.json from fmlcore-1.19.2-43.4.13.jar, it does not contain dependency information.
[146月2025 14:55:24.035] [main/DEBUG] [net.minecraftforge.fml.loading.moddiscovery.AbstractJarFileDependencyLocator/]: Failed to load resource META-INF\jarjar\metadata.json from lowcodelanguage-1.19.2-43.4.13.jar, it does not contain dependency information.
[146月2025 14:55:24.055] [main/INFO] [net.minecraftforge.fml.loading.moddiscovery.JarInJarDependencyLocator/]: No dependencies to load found. Skipping!
[146月2025 14:55:24.056] [main/DEBUG] [net.minecraftforge.fml.loading.moddiscovery.ModFileInfo/LOADING]: Found valid mod file forge-1.19.2-43.4.13_mapped_official_1.19.2.jar with {minecraft} mods - versions {1.19.2}
[146月2025 14:55:24.058] [main/DEBUG] [net.minecraftforge.fml.loading.moddiscovery.ModFile/LOADING]: Loading mod file C:\Users\88698\.gradle\caches\forge_gradle\minecraft_user_repo\net\minecraftforge\forge\1.19.2-43.4.13_mapped_official_1.19.2\forge-1.19.2-43.4.13_mapped_official_1.19.2.jar with languages [LanguageSpec[languageName=minecraft, acceptedVersions=1]]
[146月2025 14:55:24.058] [main/DEBUG] [net.minecraftforge.fml.loading.moddiscovery.ModFileParser/LOADING]: Considering mod file candidate /
[146月2025 14:55:24.059] [main/DEBUG] [net.minecraftforge.fml.loading.moddiscovery.ModFileInfo/LOADING]: Found valid mod file  with {forge} mods - versions {43.4.13}
[146月2025 14:55:24.059] [main/DEBUG] [net.minecraftforge.fml.loading.moddiscovery.ModFile/LOADING]: Loading mod file / with languages [LanguageSpec[languageName=javafml, acceptedVersions=[24,]]]
[146月2025 14:55:24.087] [main/DEBUG] [net.minecraftforge.fml.loading.moddiscovery.ModFileParser/LOADING]: Found coremod field_to_method with Javascript path coremods/field_to_method.js
[146月2025 14:55:24.088] [main/DEBUG] [net.minecraftforge.fml.loading.moddiscovery.ModFileParser/LOADING]: Found coremod field_to_instanceof with Javascript path coremods/field_to_instanceof.js
[146月2025 14:55:24.088] [main/DEBUG] [net.minecraftforge.fml.loading.moddiscovery.ModFileParser/LOADING]: Found coremod add_bouncer_method with Javascript path coremods/add_bouncer_method.js
[146月2025 14:55:24.088] [main/DEBUG] [net.minecraftforge.fml.loading.moddiscovery.ModFile/LOADING]: Found coremod coremods/field_to_method.js
[146月2025 14:55:24.088] [main/DEBUG] [net.minecraftforge.fml.loading.moddiscovery.ModFile/LOADING]: Found coremod coremods/field_to_instanceof.js
[146月2025 14:55:24.088] [main/DEBUG] [net.minecraftforge.fml.loading.moddiscovery.ModFile/LOADING]: Found coremod coremods/add_bouncer_method.js
[146月2025 14:55:24.088] [main/DEBUG] [net.minecraftforge.fml.loading.moddiscovery.ModFileParser/LOADING]: Considering mod file candidate C:\Users\88698\git\UBLB\build\resources\main
[146月2025 14:55:24.090] [main/DEBUG] [net.minecraftforge.fml.loading.moddiscovery.ModFileInfo/LOADING]: Found valid mod file main with {unchartedlandbeginning} mods - versions {1.19.2}
[146月2025 14:55:24.090] [main/DEBUG] [net.minecraftforge.fml.loading.moddiscovery.ModFile/LOADING]: Loading mod file C:\Users\88698\git\UBLB\build\resources\main with languages [LanguageSpec[languageName=javafml, acceptedVersions=[43,)]]
[146月2025 14:55:24.092] [main/DEBUG] [cpw.mods.modlauncher.TransformationServiceDecorator/MODLAUNCHER]: End scan trigger - transformation service fml
[146月2025 14:55:24.104] [main/DEBUG] [net.minecraftforge.fml.loading.LanguageLoadingProvider/CORE]: Found 3 language providers
[146月2025 14:55:24.106] [main/DEBUG] [net.minecraftforge.fml.loading.LanguageLoadingProvider/CORE]: Found language provider minecraft, version 1.0
[146月2025 14:55:24.107] [main/DEBUG] [net.minecraftforge.fml.loading.LanguageLoadingProvider/CORE]: Found language provider lowcodefml, version 43
[146月2025 14:55:24.107] [main/DEBUG] [net.minecraftforge.fml.loading.LanguageLoadingProvider/CORE]: Found language provider javafml, version 43
[146月2025 14:55:24.112] [main/DEBUG] [net.minecraftforge.fml.loading.ModSorter/]: Configured system mods: [minecraft, forge]
[146月2025 14:55:24.112] [main/DEBUG] [net.minecraftforge.fml.loading.ModSorter/]: Found system mod: minecraft
[146月2025 14:55:24.112] [main/DEBUG] [net.minecraftforge.fml.loading.ModSorter/]: Found system mod: forge
[146月2025 14:55:24.114] [main/DEBUG] [net.minecraftforge.fml.loading.ModSorter/LOADING]: Found 2 mod requirements (2 mandatory, 0 optional)
[146月2025 14:55:24.116] [main/DEBUG] [net.minecraftforge.fml.loading.ModSorter/LOADING]: Found 0 mod requirements missing (0 mandatory, 0 optional)
[146月2025 14:55:24.532] [main/DEBUG] [net.minecraftforge.fml.loading.MCPNamingService/CORE]: Loaded 30289 method mappings from methods.csv
[146月2025 14:55:24.560] [main/DEBUG] [net.minecraftforge.fml.loading.MCPNamingService/CORE]: Loaded 28897 field mappings from fields.csv
[146月2025 14:55:24.611] [main/DEBUG] [cpw.mods.modlauncher.TransformationServicesHandler/MODLAUNCHER]: Transformation services loading transformers
[146月2025 14:55:24.612] [main/DEBUG] [cpw.mods.modlauncher.TransformationServiceDecorator/MODLAUNCHER]: Initializing transformers for transformation service mixin
[146月2025 14:55:24.614] [main/DEBUG] [cpw.mods.modlauncher.TransformationServiceDecorator/MODLAUNCHER]: Initialized transformers for transformation service mixin
[146月2025 14:55:24.615] [main/DEBUG] [cpw.mods.modlauncher.TransformationServiceDecorator/MODLAUNCHER]: Initializing transformers for transformation service fml
[146月2025 14:55:24.615] [main/DEBUG] [net.minecraftforge.fml.loading.FMLServiceProvider/CORE]: Loading coremod transformers
[146月2025 14:55:24.615] [main/DEBUG] [net.minecraftforge.coremod.CoreModEngine/COREMOD]: Loading CoreMod from coremods/field_to_method.js
[146月2025 14:55:24.853] [main/DEBUG] [net.minecraftforge.coremod.CoreModEngine/COREMOD]: CoreMod loaded successfully
[146月2025 14:55:24.853] [main/DEBUG] [net.minecraftforge.coremod.CoreModEngine/COREMOD]: Loading CoreMod from coremods/field_to_instanceof.js
[146月2025 14:55:24.940] [main/DEBUG] [net.minecraftforge.coremod.CoreModEngine/COREMOD]: CoreMod loaded successfully
[146月2025 14:55:24.941] [main/DEBUG] [net.minecraftforge.coremod.CoreModEngine/COREMOD]: Loading CoreMod from coremods/add_bouncer_method.js
[146月2025 14:55:24.978] [main/DEBUG] [net.minecraftforge.coremod.CoreModEngine/COREMOD]: CoreMod loaded successfully
[146月2025 14:55:24.988] [main/DEBUG] [cpw.mods.modlauncher.TransformStore/MODLAUNCHER]: Adding transformer net.minecraftforge.coremod.transformer.CoreModClassTransformer@1947596f to Target : CLASS {Lnet/minecraft/world/level/biome/Biome;} {} {V}
[146月2025 14:55:24.991] [main/DEBUG] [cpw.mods.modlauncher.TransformStore/MODLAUNCHER]: Adding transformer net.minecraftforge.coremod.transformer.CoreModClassTransformer@176f7f3b to Target : CLASS {Lnet/minecraft/world/level/levelgen/structure/Structure;} {} {V}
[146月2025 14:55:24.991] [main/DEBUG] [cpw.mods.modlauncher.TransformStore/MODLAUNCHER]: Adding transformer net.minecraftforge.coremod.transformer.CoreModClassTransformer@30ca0779 to Target : CLASS {Lnet/minecraft/world/effect/MobEffectInstance;} {} {V}
[146月2025 14:55:24.991] [main/DEBUG] [cpw.mods.modlauncher.TransformStore/MODLAUNCHER]: Adding transformer net.minecraftforge.coremod.transformer.CoreModClassTransformer@58740366 to Target : CLASS {Lnet/minecraft/world/level/block/LiquidBlock;} {} {V}
[146月2025 14:55:24.992] [main/DEBUG] [cpw.mods.modlauncher.TransformStore/MODLAUNCHER]: Adding transformer net.minecraftforge.coremod.transformer.CoreModClassTransformer@47be0f9b to Target : CLASS {Lnet/minecraft/world/item/BucketItem;} {} {V}
[146月2025 14:55:24.992] [main/DEBUG] [cpw.mods.modlauncher.TransformStore/MODLAUNCHER]: Adding transformer net.minecraftforge.coremod.transformer.CoreModClassTransformer@2bc426f0 to Target : CLASS {Lnet/minecraft/world/level/block/StairBlock;} {} {V}
[146月2025 14:55:24.992] [main/DEBUG] [cpw.mods.modlauncher.TransformStore/MODLAUNCHER]: Adding transformer net.minecraftforge.coremod.transformer.CoreModClassTransformer@4bd51d3e to Target : CLASS {Lnet/minecraft/world/level/block/FlowerPotBlock;} {} {V}
[146月2025 14:55:24.992] [main/DEBUG] [cpw.mods.modlauncher.TransformStore/MODLAUNCHER]: Adding transformer net.minecraftforge.coremod.transformer.CoreModClassTransformer@33425811 to Target : CLASS {Lnet/minecraft/world/item/ItemStack;} {} {V}
[146月2025 14:55:24.992] [main/DEBUG] [cpw.mods.modlauncher.TransformStore/MODLAUNCHER]: Adding transformer net.minecraftforge.coremod.transformer.CoreModClassTransformer@4b74b35 to Target : CLASS {Lnet/minecraft/network/play/client/CClientSettingsPacket;} {} {V}
[146月2025 14:55:24.992] [main/DEBUG] [cpw.mods.modlauncher.TransformationServiceDecorator/MODLAUNCHER]: Initialized transformers for transformation service fml
[146月2025 14:55:25.293] [main/DEBUG] [mixin/]: Processing prepare() for PlatformAgent[MixinPlatformAgentDefault:ModLauncher Root Container(ModLauncher:4f56a0a2)]
[146月2025 14:55:25.294] [main/DEBUG] [mixin/]: Processing launch tasks for PlatformAgent[MixinPlatformAgentDefault:ModLauncher Root Container(ModLauncher:4f56a0a2)]
[146月2025 14:55:25.294] [main/DEBUG] [mixin/]: Adding mixin platform agents for container SecureJarResource(minecraft)
[146月2025 14:55:25.294] [main/DEBUG] [mixin/]: Instancing new MixinPlatformAgentMinecraftForge for SecureJarResource(minecraft)
[146月2025 14:55:25.294] [main/DEBUG] [mixin/]: MixinPlatformAgentMinecraftForge rejected container SecureJarResource(minecraft)
[146月2025 14:55:25.294] [main/DEBUG] [mixin/]: Instancing new MixinPlatformAgentDefault for SecureJarResource(minecraft)
[146月2025 14:55:25.294] [main/DEBUG] [mixin/]: MixinPlatformAgentDefault accepted container SecureJarResource(minecraft)
[146月2025 14:55:25.295] [main/DEBUG] [mixin/]: Processing prepare() for PlatformAgent[MixinPlatformAgentDefault:SecureJarResource(minecraft)]
[146月2025 14:55:25.295] [main/DEBUG] [mixin/]: Adding mixin platform agents for container SecureJarResource(forge)
[146月2025 14:55:25.295] [main/DEBUG] [mixin/]: Instancing new MixinPlatformAgentMinecraftForge for SecureJarResource(forge)
[146月2025 14:55:25.295] [main/DEBUG] [mixin/]: MixinPlatformAgentMinecraftForge rejected container SecureJarResource(forge)
[146月2025 14:55:25.295] [main/DEBUG] [mixin/]: Instancing new MixinPlatformAgentDefault for SecureJarResource(forge)
[146月2025 14:55:25.295] [main/DEBUG] [mixin/]: MixinPlatformAgentDefault accepted container SecureJarResource(forge)
[146月2025 14:55:25.296] [main/DEBUG] [mixin/]: Processing prepare() for PlatformAgent[MixinPlatformAgentDefault:SecureJarResource(forge)]
[146月2025 14:55:25.296] [main/DEBUG] [mixin/]: Adding mixin platform agents for container SecureJarResource(unchartedlandbeginning)
[146月2025 14:55:25.296] [main/DEBUG] [mixin/]: Instancing new MixinPlatformAgentMinecraftForge for SecureJarResource(unchartedlandbeginning)
[146月2025 14:55:25.296] [main/DEBUG] [mixin/]: MixinPlatformAgentMinecraftForge rejected container SecureJarResource(unchartedlandbeginning)
[146月2025 14:55:25.296] [main/DEBUG] [mixin/]: Instancing new MixinPlatformAgentDefault for SecureJarResource(unchartedlandbeginning)
[146月2025 14:55:25.296] [main/DEBUG] [mixin/]: MixinPlatformAgentDefault accepted container SecureJarResource(unchartedlandbeginning)
[146月2025 14:55:25.296] [main/DEBUG] [mixin/]: Processing prepare() for PlatformAgent[MixinPlatformAgentDefault:SecureJarResource(unchartedlandbeginning)]
[146月2025 14:55:25.296] [main/DEBUG] [mixin/]: inject() running with 4 agents
[146月2025 14:55:25.296] [main/DEBUG] [mixin/]: Processing inject() for PlatformAgent[MixinPlatformAgentDefault:ModLauncher Root Container(ModLauncher:4f56a0a2)]
[146月2025 14:55:25.296] [main/DEBUG] [mixin/]: Processing inject() for PlatformAgent[MixinPlatformAgentDefault:SecureJarResource(minecraft)]
[146月2025 14:55:25.296] [main/DEBUG] [mixin/]: Processing inject() for PlatformAgent[MixinPlatformAgentDefault:SecureJarResource(forge)]
[146月2025 14:55:25.296] [main/DEBUG] [mixin/]: Processing inject() for PlatformAgent[MixinPlatformAgentDefault:SecureJarResource(unchartedlandbeginning)]
[146月2025 14:55:25.296] [main/INFO] [cpw.mods.modlauncher.LaunchServiceHandler/MODLAUNCHER]: Launching target 'forgeclientuserdev' with arguments [--version, MOD_DEV, --gameDir, ., --assetsDir, C:\Users\88698\.gradle\caches\forge_gradle\assets, --assetIndex, 1.19]
[146月2025 14:55:25.449] [main/DEBUG] [mixin/]: Error cleaning class output directory: .mixin.out
[146月2025 14:55:25.452] [main/DEBUG] [mixin/]: Preparing mixins for MixinEnvironment[DEFAULT]
[146月2025 14:55:25.480] [main/DEBUG] [io.netty.util.internal.logging.InternalLoggerFactory/]: Using SLF4J as the default logging framework
[146月2025 14:55:25.484] [main/DEBUG] [io.netty.util.ResourceLeakDetector/]: -Dio.netty.leakDetection.level: simple
[146月2025 14:55:25.485] [main/DEBUG] [io.netty.util.ResourceLeakDetector/]: -Dio.netty.leakDetection.targetRecords: 4
[146月2025 14:55:25.719] [main/DEBUG] [oshi.util.FileUtil/]: No oshi.properties file found from ClassLoader cpw.mods.modlauncher.TransformingClassLoader@4bc33720
[146月2025 14:55:26.095] [main/DEBUG] [oshi.util.FileUtil/]: No oshi.architecture.properties file found from ClassLoader cpw.mods.modlauncher.TransformingClassLoader@4bc33720
[146月2025 14:55:27.017] [pool-3-thread-1/DEBUG] [net.minecraftforge.coremod.transformer.CoreModBaseTransformer/COREMOD]: Transforming net/minecraft/world/level/levelgen/structure/Structure
[146月2025 14:55:27.144] [pool-3-thread-1/DEBUG] [net.minecraftforge.coremod.transformer.CoreModBaseTransformer/COREMOD]: Transforming net/minecraft/world/level/block/LiquidBlock
[146月2025 14:55:27.182] [pool-3-thread-1/DEBUG] [net.minecraftforge.coremod.transformer.CoreModBaseTransformer/COREMOD]: Transforming net/minecraft/world/level/block/StairBlock
[146月2025 14:55:27.235] [pool-3-thread-1/DEBUG] [net.minecraftforge.coremod.transformer.CoreModBaseTransformer/COREMOD]: Transforming net/minecraft/world/level/block/FlowerPotBlock
[146月2025 14:55:27.787] [pool-3-thread-1/DEBUG] [net.minecraftforge.coremod.transformer.CoreModBaseTransformer/COREMOD]: Transforming net/minecraft/world/item/ItemStack
[146月2025 14:55:28.819] [pool-3-thread-1/INFO] [net.minecraft.util.datafix.DataFixers/]: Building unoptimized datafixer
[146月2025 14:55:29.350] [pool-3-thread-1/DEBUG] [net.minecraftforge.coremod.transformer.CoreModBaseTransformer/COREMOD]: Transforming net/minecraft/world/level/biome/Biome
[146月2025 14:55:29.596] [pool-3-thread-1/DEBUG] [net.minecraftforge.coremod.transformer.CoreModBaseTransformer/COREMOD]: Transforming net/minecraft/world/item/BucketItem
[146月2025 14:55:29.654] [pool-3-thread-1/DEBUG] [net.minecraftforge.coremod.transformer.CoreModBaseTransformer/COREMOD]: Transforming net/minecraft/world/effect/MobEffectInstance
[146月2025 14:55:30.092] [Render thread/WARN] [net.minecraft.server.packs.VanillaPackResources/]: Assets URL 'union:/C:/Users/88698/.gradle/caches/forge_gradle/minecraft_user_repo/net/minecraftforge/forge/1.19.2-43.4.13_mapped_official_1.19.2/forge-1.19.2-43.4.13_mapped_official_1.19.2.jar%23189!/assets/.mcassetsroot' uses unexpected schema
[146月2025 14:55:30.092] [Render thread/WARN] [net.minecraft.server.packs.VanillaPackResources/]: Assets URL 'union:/C:/Users/88698/.gradle/caches/forge_gradle/minecraft_user_repo/net/minecraftforge/forge/1.19.2-43.4.13_mapped_official_1.19.2/forge-1.19.2-43.4.13_mapped_official_1.19.2.jar%23189!/data/.mcassetsroot' uses unexpected schema
[146月2025 14:55:30.109] [Render thread/INFO] [com.mojang.authlib.yggdrasil.YggdrasilAuthenticationService/]: Environment: authHost='https://authserver.mojang.com', accountsHost='https://api.mojang.com', sessionHost='https://sessionserver.mojang.com', servicesHost='https://api.minecraftservices.com', name='PROD'
[146月2025 14:55:30.113] [Render thread/INFO] [net.minecraft.client.Minecraft/]: Setting user: Dev
[146月2025 14:55:30.221] [Render thread/INFO] [net.minecraft.client.Minecraft/]: Backend library: LWJGL version 3.3.1 build 7
[146月2025 14:55:30.918] [Render thread/DEBUG] [net.minecraftforge.common.ForgeI18n/CORE]: Loading I18N data entries: 5646
[146月2025 14:55:30.952] [Render thread/DEBUG] [net.minecraftforge.fml.ModWorkManager/LOADING]: Using 16 threads for parallel mod-loading
[146月2025 14:55:30.962] [Render thread/DEBUG] [net.minecraftforge.fml.javafmlmod.FMLJavaModLanguageProvider/LOADING]: Loading FMLModContainer from classloader cpw.mods.modlauncher.TransformingClassLoader@4bc33720 - got cpw.mods.cl.ModuleClassLoader@389562d6
[146月2025 14:55:30.964] [Render thread/DEBUG] [net.minecraftforge.fml.javafmlmod.FMLModContainer/LOADING]: Creating FMLModContainer instance for net.minecraftforge.common.ForgeMod
[146月2025 14:55:30.971] [Render thread/DEBUG] [net.minecraftforge.fml.javafmlmod.FMLJavaModLanguageProvider/LOADING]: Loading FMLModContainer from classloader cpw.mods.modlauncher.TransformingClassLoader@4bc33720 - got cpw.mods.cl.ModuleClassLoader@389562d6
[146月2025 14:55:30.972] [Render thread/DEBUG] [net.minecraftforge.fml.javafmlmod.FMLModContainer/LOADING]: Creating FMLModContainer instance for com.ideaxbohan.unchartedlandbeginning.ULB
[146月2025 14:55:30.995] [modloading-worker-0/DEBUG] [net.minecraftforge.versions.forge.ForgeVersion/CORE]: Forge Version package package net.minecraftforge.versions.forge, Forge, version 43.4 from cpw.mods.modlauncher.TransformingClassLoader@4bc33720
[146月2025 14:55:30.997] [modloading-worker-0/DEBUG] [net.minecraftforge.versions.forge.ForgeVersion/CORE]: Found Forge version 43.4.13
[146月2025 14:55:30.997] [modloading-worker-0/DEBUG] [net.minecraftforge.versions.forge.ForgeVersion/CORE]: Found Forge spec 43.4
[146月2025 14:55:30.997] [modloading-worker-0/DEBUG] [net.minecraftforge.versions.forge.ForgeVersion/CORE]: Found Forge group net.minecraftforge
[146月2025 14:55:30.997] [modloading-worker-0/DEBUG] [net.minecraftforge.versions.mcp.MCPVersion/CORE]: MCP Version package package net.minecraftforge.versions.mcp, Minecraft, version 1.19.2 from cpw.mods.modlauncher.TransformingClassLoader@4bc33720
[146月2025 14:55:30.997] [modloading-worker-0/DEBUG] [net.minecraftforge.versions.mcp.MCPVersion/CORE]: Found MC version information 1.19.2
[146月2025 14:55:30.997] [modloading-worker-0/DEBUG] [net.minecraftforge.versions.mcp.MCPVersion/CORE]: Found MCP version information 20220805.130853
[146月2025 14:55:30.998] [modloading-worker-0/INFO] [net.minecraftforge.common.ForgeMod/FORGEMOD]: Forge mod loading, version 43.4.13, for MC 1.19.2 with MCP 20220805.130853
[146月2025 14:55:30.999] [modloading-worker-0/INFO] [net.minecraftforge.common.MinecraftForge/FORGE]: MinecraftForge v43.4.13 Initialized
[146月2025 14:55:31.023] [modloading-worker-0/DEBUG] [net.minecraftforge.fml.config.ConfigTracker/CONFIG]: Config file unchartedlandbeginning-common.toml for unchartedlandbeginning tracking
[146月2025 14:55:31.024] [modloading-worker-0/DEBUG] [net.minecraftforge.fml.javafmlmod.AutomaticEventSubscriber/LOADING]: Attempting to inject @EventBusSubscriber classes into the eventbus for unchartedlandbeginning
[146月2025 14:55:31.026] [modloading-worker-0/DEBUG] [net.minecraftforge.fml.javafmlmod.AutomaticEventSubscriber/LOADING]: Auto-subscribing com.ideaxbohan.unchartedlandbeginning.Config to MOD
[146月2025 14:55:31.031] [modloading-worker-0/DEBUG] [net.minecraftforge.fml.javafmlmod.AutomaticEventSubscriber/LOADING]: Auto-subscribing com.ideaxbohan.unchartedlandbeginning.ULB$ClientModEvents to MOD
[146月2025 14:55:31.050] [modloading-worker-0/DEBUG] [io.netty.util.internal.PlatformDependent0/]: -Dio.netty.noUnsafe: false
[146月2025 14:55:31.050] [modloading-worker-0/DEBUG] [io.netty.util.internal.PlatformDependent0/]: Java version: 17
[146月2025 14:55:31.052] [modloading-worker-0/DEBUG] [io.netty.util.internal.PlatformDependent0/]: sun.misc.Unsafe.theUnsafe: available
[146月2025 14:55:31.052] [modloading-worker-0/DEBUG] [io.netty.util.internal.PlatformDependent0/]: sun.misc.Unsafe.copyMemory: available
[146月2025 14:55:31.052] [modloading-worker-0/DEBUG] [io.netty.util.internal.PlatformDependent0/]: sun.misc.Unsafe.storeFence: available
[146月2025 14:55:31.052] [modloading-worker-0/DEBUG] [io.netty.util.internal.PlatformDependent0/]: java.nio.Buffer.address: available
[146月2025 14:55:31.053] [modloading-worker-0/DEBUG] [io.netty.util.internal.PlatformDependent0/]: direct buffer constructor: unavailable
java.lang.UnsupportedOperationException: Reflective setAccessible(true) disabled
	at io.netty.util.internal.ReflectionUtil.trySetAccessible(ReflectionUtil.java:31) ~[netty-common-4.1.77.Final.jar%23149!/:4.1.77.Final]
	at io.netty.util.internal.PlatformDependent0$5.run(PlatformDependent0.java:287) ~[netty-common-4.1.77.Final.jar%23149!/:4.1.77.Final]
	at java.security.AccessController.doPrivileged(AccessController.java:318) ~[?:?]
	at io.netty.util.internal.PlatformDependent0.<clinit>(PlatformDependent0.java:281) ~[netty-common-4.1.77.Final.jar%23149!/:4.1.77.Final]
	at io.netty.util.internal.PlatformDependent.isAndroid(PlatformDependent.java:294) ~[netty-common-4.1.77.Final.jar%23149!/:4.1.77.Final]
	at io.netty.util.internal.PlatformDependent.<clinit>(PlatformDependent.java:88) ~[netty-common-4.1.77.Final.jar%23149!/:4.1.77.Final]
	at io.netty.util.ConstantPool.<init>(ConstantPool.java:34) ~[netty-common-4.1.77.Final.jar%23149!/:4.1.77.Final]
	at io.netty.util.AttributeKey$1.<init>(AttributeKey.java:27) ~[netty-common-4.1.77.Final.jar%23149!/:4.1.77.Final]
	at io.netty.util.AttributeKey.<clinit>(AttributeKey.java:27) ~[netty-common-4.1.77.Final.jar%23149!/:4.1.77.Final]
	at net.minecraftforge.network.NetworkConstants.<clinit>(NetworkConstants.java:34) ~[forge-1.19.2-43.4.13_mapped_official_1.19.2.jar%23188%23195!/:?]
	at net.minecraftforge.common.ForgeMod.<init>(ForgeMod.java:436) ~[forge-1.19.2-43.4.13_mapped_official_1.19.2.jar%23188%23195!/:?]
	at jdk.internal.reflect.NativeConstructorAccessorImpl.newInstance0(Native Method) ~[?:?]
	at jdk.internal.reflect.NativeConstructorAccessorImpl.newInstance(NativeConstructorAccessorImpl.java:77) ~[?:?]
	at jdk.internal.reflect.DelegatingConstructorAccessorImpl.newInstance(DelegatingConstructorAccessorImpl.java:45) ~[?:?]
	at java.lang.reflect.Constructor.newInstanceWithCaller(Constructor.java:500) ~[?:?]
	at java.lang.reflect.Constructor.newInstance(Constructor.java:481) ~[?:?]
	at net.minecraftforge.fml.javafmlmod.FMLModContainer.constructMod(FMLModContainer.java:77) ~[javafmllanguage-1.19.2-43.4.13.jar%23190!/:?]
	at net.minecraftforge.fml.ModContainer.lambda$buildTransitionHandler$4(ModContainer.java:122) ~[fmlcore-1.19.2-43.4.13.jar%23193!/:?]
	at java.util.concurrent.CompletableFuture$AsyncRun.run(CompletableFuture.java:1804) ~[?:?]
	at java.util.concurrent.CompletableFuture$AsyncRun.exec(CompletableFuture.java:1796) ~[?:?]
	at java.util.concurrent.ForkJoinTask.doExec(ForkJoinTask.java:373) ~[?:?]
	at java.util.concurrent.ForkJoinPool$WorkQueue.topLevelExec(ForkJoinPool.java:1182) ~[?:?]
	at java.util.concurrent.ForkJoinPool.scan(ForkJoinPool.java:1655) ~[?:?]
	at java.util.concurrent.ForkJoinPool.runWorker(ForkJoinPool.java:1622) ~[?:?]
	at java.util.concurrent.ForkJoinWorkerThread.run(ForkJoinWorkerThread.java:165) ~[?:?]
[146月2025 14:55:31.056] [modloading-worker-0/DEBUG] [io.netty.util.internal.PlatformDependent0/]: java.nio.Bits.unaligned: available, true
[146月2025 14:55:31.057] [modloading-worker-0/DEBUG] [io.netty.util.internal.PlatformDependent0/]: jdk.internal.misc.Unsafe.allocateUninitializedArray(int): unavailable
java.lang.IllegalAccessException: class io.netty.util.internal.PlatformDependent0$7 (in module io.netty.common) cannot access class jdk.internal.misc.Unsafe (in module java.base) because module java.base does not export jdk.internal.misc to module io.netty.common
	at jdk.internal.reflect.Reflection.newIllegalAccessException(Reflection.java:392) ~[?:?]
	at java.lang.reflect.AccessibleObject.checkAccess(AccessibleObject.java:674) ~[?:?]
	at java.lang.reflect.Method.invoke(Method.java:561) ~[?:?]
	at io.netty.util.internal.PlatformDependent0$7.run(PlatformDependent0.java:409) ~[netty-common-4.1.77.Final.jar%23149!/:4.1.77.Final]
	at java.security.AccessController.doPrivileged(AccessController.java:318) ~[?:?]
	at io.netty.util.internal.PlatformDependent0.<clinit>(PlatformDependent0.java:400) ~[netty-common-4.1.77.Final.jar%23149!/:4.1.77.Final]
	at io.netty.util.internal.PlatformDependent.isAndroid(PlatformDependent.java:294) ~[netty-common-4.1.77.Final.jar%23149!/:4.1.77.Final]
	at io.netty.util.internal.PlatformDependent.<clinit>(PlatformDependent.java:88) ~[netty-common-4.1.77.Final.jar%23149!/:4.1.77.Final]
	at io.netty.util.ConstantPool.<init>(ConstantPool.java:34) ~[netty-common-4.1.77.Final.jar%23149!/:4.1.77.Final]
	at io.netty.util.AttributeKey$1.<init>(AttributeKey.java:27) ~[netty-common-4.1.77.Final.jar%23149!/:4.1.77.Final]
	at io.netty.util.AttributeKey.<clinit>(AttributeKey.java:27) ~[netty-common-4.1.77.Final.jar%23149!/:4.1.77.Final]
	at net.minecraftforge.network.NetworkConstants.<clinit>(NetworkConstants.java:34) ~[forge-1.19.2-43.4.13_mapped_official_1.19.2.jar%23188%23195!/:?]
	at net.minecraftforge.common.ForgeMod.<init>(ForgeMod.java:436) ~[forge-1.19.2-43.4.13_mapped_official_1.19.2.jar%23188%23195!/:?]
	at jdk.internal.reflect.NativeConstructorAccessorImpl.newInstance0(Native Method) ~[?:?]
	at jdk.internal.reflect.NativeConstructorAccessorImpl.newInstance(NativeConstructorAccessorImpl.java:77) ~[?:?]
	at jdk.internal.reflect.DelegatingConstructorAccessorImpl.newInstance(DelegatingConstructorAccessorImpl.java:45) ~[?:?]
	at java.lang.reflect.Constructor.newInstanceWithCaller(Constructor.java:500) ~[?:?]
	at java.lang.reflect.Constructor.newInstance(Constructor.java:481) ~[?:?]
	at net.minecraftforge.fml.javafmlmod.FMLModContainer.constructMod(FMLModContainer.java:77) ~[javafmllanguage-1.19.2-43.4.13.jar%23190!/:?]
	at net.minecraftforge.fml.ModContainer.lambda$buildTransitionHandler$4(ModContainer.java:122) ~[fmlcore-1.19.2-43.4.13.jar%23193!/:?]
	at java.util.concurrent.CompletableFuture$AsyncRun.run(CompletableFuture.java:1804) ~[?:?]
	at java.util.concurrent.CompletableFuture$AsyncRun.exec(CompletableFuture.java:1796) ~[?:?]
	at java.util.concurrent.ForkJoinTask.doExec(ForkJoinTask.java:373) ~[?:?]
	at java.util.concurrent.ForkJoinPool$WorkQueue.topLevelExec(ForkJoinPool.java:1182) ~[?:?]
	at java.util.concurrent.ForkJoinPool.scan(ForkJoinPool.java:1655) ~[?:?]
	at java.util.concurrent.ForkJoinPool.runWorker(ForkJoinPool.java:1622) ~[?:?]
	at java.util.concurrent.ForkJoinWorkerThread.run(ForkJoinWorkerThread.java:165) ~[?:?]
[146月2025 14:55:31.059] [modloading-worker-0/DEBUG] [io.netty.util.internal.PlatformDependent0/]: java.nio.DirectByteBuffer.<init>(long, int): unavailable
[146月2025 14:55:31.059] [modloading-worker-0/DEBUG] [io.netty.util.internal.PlatformDependent/]: sun.misc.Unsafe: available
[146月2025 14:55:31.060] [modloading-worker-0/DEBUG] [io.netty.util.internal.PlatformDependent/]: maxDirectMemory: 6283067392 bytes (maybe)
[146月2025 14:55:31.061] [modloading-worker-0/DEBUG] [io.netty.util.internal.PlatformDependent/]: -Dio.netty.tmpdir: C:\Users\88698\AppData\Local\Temp (java.io.tmpdir)
[146月2025 14:55:31.061] [modloading-worker-0/DEBUG] [io.netty.util.internal.PlatformDependent/]: -Dio.netty.bitMode: 64 (sun.arch.data.model)
[146月2025 14:55:31.061] [modloading-worker-0/DEBUG] [io.netty.util.internal.PlatformDependent/]: Platform: Windows
[146月2025 14:55:31.061] [modloading-worker-0/DEBUG] [io.netty.util.internal.PlatformDependent/]: -Dio.netty.maxDirectMemory: -1 bytes
[146月2025 14:55:31.062] [modloading-worker-0/DEBUG] [io.netty.util.internal.PlatformDependent/]: -Dio.netty.uninitializedArrayAllocationThreshold: -1
[146月2025 14:55:31.062] [modloading-worker-0/DEBUG] [io.netty.util.internal.CleanerJava9/]: java.nio.ByteBuffer.cleaner(): available
[146月2025 14:55:31.062] [modloading-worker-0/DEBUG] [io.netty.util.internal.PlatformDependent/]: -Dio.netty.noPreferDirect: false
[146月2025 14:55:31.082] [modloading-worker-0/DEBUG] [net.minecraftforge.common.ForgeMod/FORGEMOD]: Loading Network data for FML net version: FML3
[146月2025 14:55:31.093] [modloading-worker-0/DEBUG] [net.minecraftforge.fml.config.ConfigTracker/CONFIG]: Config file forge-client.toml for forge tracking
[146月2025 14:55:31.093] [modloading-worker-0/DEBUG] [net.minecraftforge.fml.config.ConfigTracker/CONFIG]: Config file forge-server.toml for forge tracking
[146月2025 14:55:31.093] [modloading-worker-0/DEBUG] [net.minecraftforge.fml.config.ConfigTracker/CONFIG]: Config file forge-common.toml for forge tracking
[146月2025 14:55:31.112] [modloading-worker-0/DEBUG] [net.minecraftforge.fml.javafmlmod.AutomaticEventSubscriber/LOADING]: Attempting to inject @EventBusSubscriber classes into the eventbus for forge
[146月2025 14:55:31.112] [modloading-worker-0/DEBUG] [net.minecraftforge.fml.javafmlmod.AutomaticEventSubscriber/LOADING]: Auto-subscribing net.minecraftforge.common.ForgeSpawnEggItem$CommonHandler to MOD
[146月2025 14:55:31.114] [modloading-worker-0/DEBUG] [net.minecraftforge.fml.javafmlmod.AutomaticEventSubscriber/LOADING]: Auto-subscribing net.minecraftforge.common.ForgeSpawnEggItem$ColorRegisterHandler to MOD
[146月2025 14:55:31.116] [modloading-worker-0/DEBUG] [net.minecraftforge.fml.javafmlmod.AutomaticEventSubscriber/LOADING]: Auto-subscribing net.minecraftforge.client.model.data.ModelDataManager to FORGE
[146月2025 14:55:31.117] [modloading-worker-0/DEBUG] [net.minecraftforge.fml.javafmlmod.AutomaticEventSubscriber/LOADING]: Auto-subscribing net.minecraftforge.client.ForgeHooksClient$ClientEvents to MOD
[146月2025 14:55:31.126] [modloading-worker-0/DEBUG] [net.minecraftforge.fml.javafmlmod.AutomaticEventSubscriber/LOADING]: Auto-subscribing net.minecraftforge.client.ClientForgeMod to MOD
[146月2025 14:55:31.162] [Render thread/DEBUG] [net.minecraftforge.common.capabilities.CapabilityManager/CAPABILITIES]: Attempting to automatically register: Lnet/minecraftforge/energy/IEnergyStorage;
[146月2025 14:55:31.164] [Render thread/DEBUG] [net.minecraftforge.common.capabilities.CapabilityManager/CAPABILITIES]: Attempting to automatically register: Lnet/minecraftforge/fluids/capability/IFluidHandler;
[146月2025 14:55:31.164] [Render thread/DEBUG] [net.minecraftforge.common.capabilities.CapabilityManager/CAPABILITIES]: Attempting to automatically register: Lnet/minecraftforge/fluids/capability/IFluidHandlerItem;
[146月2025 14:55:31.164] [Render thread/DEBUG] [net.minecraftforge.common.capabilities.CapabilityManager/CAPABILITIES]: Attempting to automatically register: Lnet/minecraftforge/items/IItemHandler;
[146月2025 14:55:31.375] [Render thread/DEBUG] [net.minecraftforge.client.loading.ClientModLoader/CORE]: Generating PackInfo named mod:forge for mod file /
[146月2025 14:55:31.376] [Render thread/DEBUG] [net.minecraftforge.client.loading.ClientModLoader/CORE]: Generating PackInfo named mod:unchartedlandbeginning for mod file C:\Users\88698\git\UBLB\build\resources\main
[146月2025 14:55:31.952] [Render thread/INFO] [net.minecraftforge.gametest.ForgeGameTestHooks/]: Enabled Gametest Namespaces: [unchartedlandbeginning]
[146月2025 14:55:32.107] [Render thread/INFO] [net.minecraft.server.packs.resources.ReloadableResourceManager/]: Reloading ResourceManager: Default, Mod Resources
[146月2025 14:55:32.180] [modloading-worker-0/DEBUG] [net.minecraftforge.fml.config.ConfigTracker/CONFIG]: Loading configs type CLIENT
[146月2025 14:55:32.187] [modloading-worker-0/DEBUG] [net.minecraftforge.fml.config.ConfigFileTypeHandler/CONFIG]: Built TOML config for C:\Users\88698\git\UBLB\run\config\forge-client.toml
[146月2025 14:55:32.192] [modloading-worker-0/DEBUG] [net.minecraftforge.fml.config.ConfigFileTypeHandler/CONFIG]: Loaded TOML config file C:\Users\88698\git\UBLB\run\config\forge-client.toml
[146月2025 14:55:32.193] [modloading-worker-0/DEBUG] [net.minecraftforge.fml.config.ConfigFileTypeHandler/CONFIG]: Watching TOML config file C:\Users\88698\git\UBLB\run\config\forge-client.toml for changes
[146月2025 14:55:32.206] [modloading-worker-0/DEBUG] [net.minecraftforge.common.ForgeConfig/FORGEMOD]: Loaded forge config file forge-client.toml
[146月2025 14:55:32.212] [modloading-worker-0/DEBUG] [net.minecraftforge.fml.config.ConfigTracker/CONFIG]: Loading configs type COMMON
[146月2025 14:55:32.214] [modloading-worker-0/DEBUG] [net.minecraftforge.fml.config.ConfigFileTypeHandler/CONFIG]: Built TOML config for C:\Users\88698\git\UBLB\run\config\unchartedlandbeginning-common.toml
[146月2025 14:55:32.217] [modloading-worker-0/DEBUG] [net.minecraftforge.fml.config.ConfigFileTypeHandler/CONFIG]: Loaded TOML config file C:\Users\88698\git\UBLB\run\config\unchartedlandbeginning-common.toml
[146月2025 14:55:32.218] [modloading-worker-0/DEBUG] [net.minecraftforge.fml.config.ConfigFileTypeHandler/CONFIG]: Watching TOML config file C:\Users\88698\git\UBLB\run\config\unchartedlandbeginning-common.toml for changes
[146月2025 14:55:32.222] [modloading-worker-0/DEBUG] [net.minecraftforge.fml.config.ConfigFileTypeHandler/CONFIG]: Built TOML config for C:\Users\88698\git\UBLB\run\config\forge-common.toml
[146月2025 14:55:32.222] [Thread-0/DEBUG] [net.minecraftforge.fml.config.ConfigFileTypeHandler/CONFIG]: Config file unchartedlandbeginning-common.toml changed, sending notifies
[146月2025 14:55:32.222] [Thread-0/DEBUG] [net.minecraftforge.fml.config.ConfigFileTypeHandler/CONFIG]: Config file unchartedlandbeginning-common.toml changed, sending notifies
[146月2025 14:55:32.223] [modloading-worker-0/DEBUG] [net.minecraftforge.fml.config.ConfigFileTypeHandler/CONFIG]: Loaded TOML config file C:\Users\88698\git\UBLB\run\config\forge-common.toml
[146月2025 14:55:32.223] [modloading-worker-0/DEBUG] [net.minecraftforge.fml.config.ConfigFileTypeHandler/CONFIG]: Watching TOML config file C:\Users\88698\git\UBLB\run\config\forge-common.toml for changes
[146月2025 14:55:32.224] [modloading-worker-0/DEBUG] [net.minecraftforge.common.ForgeConfig/FORGEMOD]: Loaded forge config file forge-common.toml
[146月2025 14:55:32.230] [Worker-Main-7/INFO] [com.ideaxbohan.unchartedlandbeginning.ULB/]: HELLO FROM COMMON SETUP
[146月2025 14:55:32.231] [Worker-Main-7/INFO] [com.ideaxbohan.unchartedlandbeginning.ULB/]: DIRT BLOCK >> minecraft:dirt
[146月2025 14:55:32.231] [Worker-Main-7/INFO] [com.ideaxbohan.unchartedlandbeginning.ULB/]: The magic number is... 42
[146月2025 14:55:32.232] [Worker-Main-7/INFO] [com.ideaxbohan.unchartedlandbeginning.ULB/]: ITEM >> iron_ingot
[146月2025 14:55:32.634] [Worker-Main-6/INFO] [com.ideaxbohan.unchartedlandbeginning.ULB/]: HELLO FROM CLIENT SETUP
[146月2025 14:55:32.637] [Worker-Main-6/INFO] [com.ideaxbohan.unchartedlandbeginning.ULB/]: MINECRAFT NAME >> Dev
[146月2025 14:55:32.761] [Forge Version Check/INFO] [net.minecraftforge.fml.VersionChecker/]: [forge] Starting version check at https://files.minecraftforge.net/net/minecraftforge/forge/promotions_slim.json
[146月2025 14:55:33.643] [Forge Version Check/DEBUG] [net.minecraftforge.fml.VersionChecker/]: [forge] Received version check data:
{
  "homepage": "https://files.minecraftforge.net/net/minecraftforge/forge/",
  "promos": {
    "1.1-latest": "1.3.4.29",
    "1.2.3-latest": "1.4.1.64",
    "1.2.4-latest": "2.0.0.68",
    "1.2.5-latest": "3.4.9.171",
    "1.3.2-latest": "4.3.5.318",
    "1.4.0-latest": "5.0.0.326",
    "1.4.1-latest": "6.0.0.329",
    "1.4.2-latest": "6.0.1.355",
    "1.4.3-latest": "6.2.1.358",
    "1.4.4-latest": "6.3.0.378",
    "1.4.5-latest": "6.4.2.448",
    "1.4.6-latest": "6.5.0.489",
    "1.4.7-latest": "6.6.2.534",
    "1.5-latest": "7.7.0.598",
    "1.5.1-latest": "7.7.2.682",
    "1.5.2-latest": "7.8.1.738",
    "1.5.2-recommended": "7.8.1.738",
    "1.6.1-latest": "8.9.0.775",
    "1.6.2-latest": "9.10.1.871",
    "1.6.2-recommended": "9.10.1.871",
    "1.6.3-latest": "9.11.0.878",
    "1.6.4-latest": "9.11.1.1345",
    "1.6.4-recommended": "9.11.1.1345",
    "1.7.2-latest": "10.12.2.1161",
    "1.7.2-recommended": "10.12.2.1161",
    "1.7.10_pre4-latest": "10.12.2.1149",
    "1.7.10-latest": "10.13.4.1614",
    "1.7.10-recommended": "10.13.4.1614",
    "1.8-latest": "11.14.4.1577",
    "1.8-recommended": "11.14.4.1563",
    "1.8.8-latest": "11.15.0.1655",
    "1.8.9-latest": "11.15.1.2318",
    "1.8.9-recommended": "11.15.1.2318",
    "1.9-latest": "12.16.1.1938",
    "1.9-recommended": "12.16.1.1887",
    "1.9.4-latest": "12.17.0.2317",
    "1.9.4-recommended": "12.17.0.2317",
    "1.10-latest": "12.18.0.2000",
    "1.10.2-latest": "12.18.3.2511",
    "1.10.2-recommended": "12.18.3.2511",
    "1.11-latest": "13.19.1.2199",
    "1.11-recommended": "13.19.1.2189",
    "1.11.2-latest": "13.20.1.2588",
    "1.11.2-recommended": "13.20.1.2588",
    "1.12-latest": "14.21.1.2443",
    "1.12-recommended": "14.21.1.2387",
    "1.12.1-latest": "14.22.1.2485",
    "1.12.1-recommended": "14.22.1.2478",
    "1.12.2-latest": "14.23.5.2860",
    "1.12.2-recommended": "14.23.5.2859",
    "1.13.2-latest": "25.0.223",
    "1.14.2-latest": "26.0.63",
    "1.14.3-latest": "27.0.60",
    "1.14.4-latest": "28.2.26",
    "1.14.4-recommended": "28.2.26",
    "1.15-latest": "29.0.4",
    "1.15.1-latest": "30.0.51",
    "1.15.2-latest": "31.2.57",
    "1.15.2-recommended": "31.2.57",
    "1.16.1-latest": "32.0.108",
    "1.16.2-latest": "33.0.61",
    "1.16.3-latest": "34.1.42",
    "1.16.3-recommended": "34.1.0",
    "1.16.4-latest": "35.1.37",
    "1.16.4-recommended": "35.1.4",
    "1.16.5-latest": "36.2.42",
    "1.16.5-recommended": "36.2.34",
    "1.17.1-latest": "37.1.1",
    "1.17.1-recommended": "37.1.1",
    "1.18-latest": "38.0.17",
    "1.18.1-latest": "39.1.2",
    "1.18.1-recommended": "39.1.0",
    "1.18.2-recommended": "40.3.0",
    "1.18.2-latest": "40.3.10",
    "1.19-latest": "41.1.0",
    "1.19-recommended": "41.1.0",
    "1.19.1-latest": "42.0.9",
    "1.19.2-recommended": "43.5.0",
    "1.19.2-latest": "43.5.0",
    "1.19.3-latest": "44.1.23",
    "1.19.3-recommended": "44.1.0",
    "1.19.4-recommended": "45.4.0",
    "1.19.4-latest": "45.4.0",
    "1.20-latest": "46.0.14",
    "1.20.1-recommended": "47.4.0",
    "1.20.1-latest": "47.4.2",
    "1.20.2-latest": "48.1.0",
    "1.20.2-recommended": "48.1.0",
    "1.20.3-latest": "49.0.2",
    "1.20.4-latest": "49.2.0",
    "1.20.4-recommended": "49.2.0",
    "1.20.6-latest": "50.2.0",
    "1.20.6-recommended": "50.2.0",
    "1.21-latest": "51.0.33",
    "1.21.1-latest": "52.1.1",
    "1.21.1-recommended": "52.1.0",
    "1.21.3-latest": "53.1.1",
    "1.21.3-recommended": "53.1.0",
    "1.21.4-latest": "54.1.3",
    "1.21.4-recommended": "54.1.0",
    "1.21.5-latest": "55.0.23"
  }
}
[146月2025 14:55:33.645] [Forge Version Check/INFO] [net.minecraftforge.fml.VersionChecker/]: [forge] Found status: OUTDATED Current: 43.4.13 Target: 43.5.0
[146月2025 14:55:39.540] [modloading-worker-0/ERROR] [net.minecraft.Util/]: Entity unchartedlandbeginning:gay has no attributes
[146月2025 14:55:39.541] [modloading-worker-0/ERROR] [net.minecraft.Util/]: Entity unchartedlandbeginning:gay has no attributes
[146月2025 14:55:39.541] [modloading-worker-0/ERROR] [net.minecraft.Util/]: Entity unchartedlandbeginning:gay has no attributes
[146月2025 14:55:39.541] [modloading-worker-0/ERROR] [net.minecraft.Util/]: Entity unchartedlandbeginning:gay has no attributes
[146月2025 14:55:39.541] [modloading-worker-0/ERROR] [net.minecraft.Util/]: Entity unchartedlandbeginning:gay has no attributes
[146月2025 14:55:39.541] [modloading-worker-0/ERROR] [net.minecraft.Util/]: Entity unchartedlandbeginning:gay has no attributes
[146月2025 14:55:39.541] [modloading-worker-0/ERROR] [net.minecraft.Util/]: Entity unchartedlandbeginning:gay has no attributes
[146月2025 14:55:39.541] [modloading-worker-0/ERROR] [net.minecraft.Util/]: Entity unchartedlandbeginning:gay has no attributes
[146月2025 14:55:39.541] [modloading-worker-0/ERROR] [net.minecraft.Util/]: Entity unchartedlandbeginning:gay has no attributes
[146月2025 14:55:39.541] [modloading-worker-0/ERROR] [net.minecraft.Util/]: Entity unchartedlandbeginning:gay has no attributes
[146月2025 14:55:39.541] [modloading-worker-0/ERROR] [net.minecraft.Util/]: Entity unchartedlandbeginning:gay has no attributes
[146月2025 14:55:39.541] [modloading-worker-0/ERROR] [net.minecraft.Util/]: Entity unchartedlandbeginning:gay has no attributes
[146月2025 14:55:39.541] [modloading-worker-0/ERROR] [net.minecraft.Util/]: Entity unchartedlandbeginning:gay has no attributes
[146月2025 14:55:39.541] [modloading-worker-0/ERROR] [net.minecraft.Util/]: Entity unchartedlandbeginning:gay has no attributes
[146月2025 14:55:39.543] [modloading-worker-0/ERROR] [net.minecraft.Util/]: Entity unchartedlandbeginning:gay has no attributes
[146月2025 14:55:39.543] [modloading-worker-0/ERROR] [net.minecraft.Util/]: Entity unchartedlandbeginning:gay has no attributes
[146月2025 14:55:39.543] [modloading-worker-0/ERROR] [net.minecraft.Util/]: Entity unchartedlandbeginning:gay has no attributes
[146月2025 14:55:39.543] [modloading-worker-0/ERROR] [net.minecraft.Util/]: Entity unchartedlandbeginning:gay has no attributes
[146月2025 14:55:39.543] [modloading-worker-0/ERROR] [net.minecraft.Util/]: Entity unchartedlandbeginning:gay has no attributes
[146月2025 14:55:40.234] [Render thread/DEBUG] [net.minecraftforge.common.ForgeI18n/CORE]: Loading I18N data entries: 5900
[146月2025 14:55:40.253] [Render thread/WARN] [net.minecraft.client.sounds.SoundEngine/]: Missing sound for event: minecraft:item.goat_horn.play
[146月2025 14:55:40.254] [Render thread/WARN] [net.minecraft.client.sounds.SoundEngine/]: Missing sound for event: minecraft:entity.goat.screaming.horn_break
[146月2025 14:55:40.284] [Render thread/INFO] [com.mojang.blaze3d.audio.Library/]: OpenAL initialized on device OpenAL Soft on 耳機 (2- Philips TAH4205)
[146月2025 14:55:40.285] [Render thread/INFO] [net.minecraft.client.sounds.SoundEngine/SOUNDS]: Sound engine started
[146月2025 14:55:40.395] [Render thread/INFO] [net.minecraft.client.renderer.texture.TextureAtlas/]: Created: 2048x1024x4 minecraft:textures/atlas/blocks.png-atlas
[146月2025 14:55:40.404] [Render thread/INFO] [net.minecraft.client.renderer.texture.TextureAtlas/]: Created: 256x128x4 minecraft:textures/atlas/signs.png-atlas
[146月2025 14:55:40.405] [Render thread/INFO] [net.minecraft.client.renderer.texture.TextureAtlas/]: Created: 512x512x4 minecraft:textures/atlas/banner_patterns.png-atlas
[146月2025 14:55:40.406] [Render thread/INFO] [net.minecraft.client.renderer.texture.TextureAtlas/]: Created: 512x512x4 minecraft:textures/atlas/shield_patterns.png-atlas
[146月2025 14:55:40.407] [Render thread/INFO] [net.minecraft.client.renderer.texture.TextureAtlas/]: Created: 256x256x4 minecraft:textures/atlas/chest.png-atlas
[146月2025 14:55:40.407] [Render thread/INFO] [net.minecraft.client.renderer.texture.TextureAtlas/]: Created: 512x256x4 minecraft:textures/atlas/beds.png-atlas
[146月2025 14:55:40.407] [Render thread/INFO] [net.minecraft.client.renderer.texture.TextureAtlas/]: Created: 512x256x4 minecraft:textures/atlas/shulker_boxes.png-atlas
[146月2025 14:55:41.149] [Render thread/WARN] [net.minecraft.client.renderer.ShaderInstance/]: Shader rendertype_entity_translucent_emissive could not find sampler named Sampler2 in the specified shader program.
[146月2025 14:55:41.346] [Render thread/INFO] [net.minecraft.client.renderer.texture.TextureAtlas/]: Created: 256x256x0 minecraft:textures/atlas/particles.png-atlas
[146月2025 14:55:41.348] [Render thread/INFO] [net.minecraft.client.renderer.texture.TextureAtlas/]: Created: 256x256x0 minecraft:textures/atlas/paintings.png-atlas
[146月2025 14:55:41.348] [Render thread/INFO] [net.minecraft.client.renderer.texture.TextureAtlas/]: Created: 128x128x0 minecraft:textures/atlas/mob_effects.png-atlas
[146月2025 14:55:42.264] [Realms Notification Availability checker #1/INFO] [com.mojang.realmsclient.client.RealmsClient/]: Could not authorize you against Realms server: java.lang.RuntimeException: Failed to parse into SignedJWT: 0
[146月2025 14:55:45.886] [Render thread/ERROR] [net.minecraft.Util/]: Entity unchartedlandbeginning:gay has no attributes
[146月2025 14:55:45.886] [Render thread/ERROR] [net.minecraft.Util/]: Entity unchartedlandbeginning:gay has no attributes
[146月2025 14:55:45.886] [Render thread/ERROR] [net.minecraft.Util/]: Entity unchartedlandbeginning:gay has no attributes
[146月2025 14:55:45.886] [Render thread/ERROR] [net.minecraft.Util/]: Entity unchartedlandbeginning:gay has no attributes
[146月2025 14:55:45.886] [Render thread/ERROR] [net.minecraft.Util/]: Entity unchartedlandbeginning:gay has no attributes
[146月2025 14:55:45.886] [Render thread/ERROR] [net.minecraft.Util/]: Entity unchartedlandbeginning:gay has no attributes
[146月2025 14:55:45.886] [Render thread/ERROR] [net.minecraft.Util/]: Entity unchartedlandbeginning:gay has no attributes
[146月2025 14:55:45.886] [Render thread/ERROR] [net.minecraft.Util/]: Entity unchartedlandbeginning:gay has no attributes
[146月2025 14:55:45.886] [Render thread/ERROR] [net.minecraft.Util/]: Entity unchartedlandbeginning:gay has no attributes
[146月2025 14:55:45.886] [Render thread/ERROR] [net.minecraft.Util/]: Entity unchartedlandbeginning:gay has no attributes
[146月2025 14:55:45.886] [Render thread/ERROR] [net.minecraft.Util/]: Entity unchartedlandbeginning:gay has no attributes
[146月2025 14:55:45.886] [Render thread/ERROR] [net.minecraft.Util/]: Entity unchartedlandbeginning:gay has no attributes
[146月2025 14:55:45.886] [Render thread/ERROR] [net.minecraft.Util/]: Entity unchartedlandbeginning:gay has no attributes
[146月2025 14:55:45.886] [Render thread/ERROR] [net.minecraft.Util/]: Entity unchartedlandbeginning:gay has no attributes
[146月2025 14:55:45.887] [Render thread/ERROR] [net.minecraft.Util/]: Entity unchartedlandbeginning:gay has no attributes
[146月2025 14:55:45.887] [Render thread/ERROR] [net.minecraft.Util/]: Entity unchartedlandbeginning:gay has no attributes
[146月2025 14:55:45.887] [Render thread/ERROR] [net.minecraft.Util/]: Entity unchartedlandbeginning:gay has no attributes
[146月2025 14:55:45.887] [Render thread/ERROR] [net.minecraft.Util/]: Entity unchartedlandbeginning:gay has no attributes
[146月2025 14:55:45.887] [Render thread/ERROR] [net.minecraft.Util/]: Entity unchartedlandbeginning:gay has no attributes
[146月2025 14:55:45.926] [Render thread/ERROR] [net.minecraft.Util/]: Entity unchartedlandbeginning:gay has no attributes
[146月2025 14:55:45.927] [Render thread/ERROR] [net.minecraft.Util/]: Entity unchartedlandbeginning:gay has no attributes
[146月2025 14:55:45.927] [Render thread/ERROR] [net.minecraft.Util/]: Entity unchartedlandbeginning:gay has no attributes
[146月2025 14:55:45.927] [Render thread/ERROR] [net.minecraft.Util/]: Entity unchartedlandbeginning:gay has no attributes
[146月2025 14:55:45.927] [Render thread/ERROR] [net.minecraft.Util/]: Entity unchartedlandbeginning:gay has no attributes
[146月2025 14:55:45.927] [Render thread/ERROR] [net.minecraft.Util/]: Entity unchartedlandbeginning:gay has no attributes
[146月2025 14:55:45.927] [Render thread/ERROR] [net.minecraft.Util/]: Entity unchartedlandbeginning:gay has no attributes
[146月2025 14:55:45.927] [Render thread/ERROR] [net.minecraft.Util/]: Entity unchartedlandbeginning:gay has no attributes
[146月2025 14:55:45.928] [Render thread/ERROR] [net.minecraft.Util/]: Entity unchartedlandbeginning:gay has no attributes
[146月2025 14:55:45.928] [Render thread/ERROR] [net.minecraft.Util/]: Entity unchartedlandbeginning:gay has no attributes
[146月2025 14:55:45.928] [Render thread/ERROR] [net.minecraft.Util/]: Entity unchartedlandbeginning:gay has no attributes
[146月2025 14:55:45.928] [Render thread/ERROR] [net.minecraft.Util/]: Entity unchartedlandbeginning:gay has no attributes
[146月2025 14:55:45.928] [Render thread/ERROR] [net.minecraft.Util/]: Entity unchartedlandbeginning:gay has no attributes
[146月2025 14:55:45.928] [Render thread/ERROR] [net.minecraft.Util/]: Entity unchartedlandbeginning:gay has no attributes
[146月2025 14:55:45.928] [Render thread/ERROR] [net.minecraft.Util/]: Entity unchartedlandbeginning:gay has no attributes
[146月2025 14:55:45.928] [Render thread/ERROR] [net.minecraft.Util/]: Entity unchartedlandbeginning:gay has no attributes
[146月2025 14:55:45.928] [Render thread/ERROR] [net.minecraft.Util/]: Entity unchartedlandbeginning:gay has no attributes
[146月2025 14:55:45.928] [Render thread/ERROR] [net.minecraft.Util/]: Entity unchartedlandbeginning:gay has no attributes
[146月2025 14:55:45.928] [Render thread/ERROR] [net.minecraft.Util/]: Entity unchartedlandbeginning:gay has no attributes
[146月2025 14:55:46.288] [Render thread/DEBUG] [net.minecraftforge.server.ServerLifecycleHooks/CORE]: Generating PackInfo named mod:forge for mod file /
[146月2025 14:55:46.289] [Render thread/DEBUG] [net.minecraftforge.server.ServerLifecycleHooks/CORE]: Generating PackInfo named mod:unchartedlandbeginning for mod file C:\Users\88698\git\UBLB\build\resources\main
[146月2025 14:55:48.309] [Render thread/INFO] [net.minecraft.world.item.crafting.RecipeManager/]: Loaded 7 recipes
[146月2025 14:55:49.046] [Render thread/INFO] [net.minecraft.advancements.AdvancementList/]: Loaded 1179 advancements
[146月2025 14:55:49.272] [Render thread/DEBUG] [net.minecraftforge.common.ForgeHooks/WP]: Gathering id map for writing to world save bggbb
[146月2025 14:55:49.277] [Render thread/DEBUG] [net.minecraftforge.common.ForgeHooks/WP]: ID Map collection complete bggbb
[146月2025 14:55:49.315] [Server thread/INFO] [net.minecraft.client.server.IntegratedServer/]: Starting integrated minecraft server version 1.19.2
[146月2025 14:55:49.315] [Server thread/INFO] [net.minecraft.server.MinecraftServer/]: Generating keypair
[146月2025 14:55:49.371] [Server thread/DEBUG] [net.minecraftforge.fml.loading.FileUtils/CORE]: Found existing serverconfig directory : .\saves\bggbb\serverconfig
[146月2025 14:55:49.371] [Server thread/DEBUG] [net.minecraftforge.fml.config.ConfigTracker/CONFIG]: Loading configs type SERVER
[146月2025 14:55:49.371] [Server thread/DEBUG] [net.minecraftforge.fml.config.ConfigFileTypeHandler/CONFIG]: Built TOML config for .\saves\bggbb\serverconfig\forge-server.toml
[146月2025 14:55:49.373] [Server thread/DEBUG] [net.minecraftforge.fml.config.ConfigFileTypeHandler/CONFIG]: Loaded TOML config file .\saves\bggbb\serverconfig\forge-server.toml
[146月2025 14:55:49.373] [Server thread/DEBUG] [net.minecraftforge.fml.config.ConfigFileTypeHandler/CONFIG]: Watching TOML config file .\saves\bggbb\serverconfig\forge-server.toml for changes
[146月2025 14:55:49.375] [Server thread/DEBUG] [net.minecraftforge.common.ForgeConfig/FORGEMOD]: Loaded forge config file forge-server.toml
[146月2025 14:55:49.595] [Server thread/INFO] [net.minecraft.server.MinecraftServer/]: Preparing start region for dimension minecraft:overworld
[146月2025 14:55:50.922] [Server thread/WARN] [net.minecraft.world.level.chunk.storage.ChunkSerializer/]: Found reference to unknown structure 'unchartedlandbeginning:bgg' in chunk [2, 1], discarding
[146月2025 14:55:50.925] [Server thread/ERROR] [net.minecraft.world.level.chunk.storage.ChunkSerializer/]: Unknown structure start: unchartedlandbeginning:bgg
[146月2025 14:55:50.925] [Server thread/WARN] [net.minecraft.world.level.chunk.storage.ChunkSerializer/]: Found reference to unknown structure 'unchartedlandbeginning:bgg' in chunk [3, 1], discarding
[146月2025 14:55:50.965] [Server thread/ERROR] [net.minecraft.world.level.chunk.storage.ChunkSerializer/]: Unknown structure start: unchartedlandbeginning:bgg
[146月2025 14:55:50.965] [Server thread/WARN] [net.minecraft.world.level.chunk.storage.ChunkSerializer/]: Found reference to unknown structure 'unchartedlandbeginning:bgg' in chunk [-10, 3], discarding
[146月2025 14:55:51.181] [Server thread/ERROR] [net.minecraft.world.level.chunk.storage.ChunkSerializer/]: Unknown structure start: unchartedlandbeginning:bgg
[146月2025 14:55:51.182] [Server thread/WARN] [net.minecraft.world.level.chunk.storage.ChunkSerializer/]: Found reference to unknown structure 'unchartedlandbeginning:bgg' in chunk [-6, 12], discarding
[146月2025 14:55:51.269] [Server thread/ERROR] [net.minecraft.world.level.chunk.storage.ChunkSerializer/]: Unknown structure start: unchartedlandbeginning:bgg
[146月2025 14:55:51.270] [Server thread/WARN] [net.minecraft.world.level.chunk.storage.ChunkSerializer/]: Found reference to unknown structure 'unchartedlandbeginning:bgg' in chunk [0, -6], discarding
[146月2025 14:55:51.317] [Server thread/WARN] [net.minecraft.world.level.chunk.storage.ChunkSerializer/]: Found reference to unknown structure 'unchartedlandbeginning:bgg' in chunk [0, 14], discarding
[146月2025 14:55:51.318] [Server thread/ERROR] [net.minecraft.world.level.chunk.storage.ChunkSerializer/]: Unknown structure start: unchartedlandbeginning:bgg
[146月2025 14:55:51.318] [Server thread/WARN] [net.minecraft.world.level.chunk.storage.ChunkSerializer/]: Found reference to unknown structure 'unchartedlandbeginning:bgg' in chunk [1, 14], discarding
[146月2025 14:55:51.663] [Server thread/WARN] [net.minecraft.world.level.chunk.storage.ChunkSerializer/]: Found reference to unknown structure 'unchartedlandbeginning:bgg' in chunk [11, 11], discarding
[146月2025 14:55:51.664] [Server thread/WARN] [net.minecraft.world.level.chunk.storage.ChunkSerializer/]: Found reference to unknown structure 'unchartedlandbeginning:bgg' in chunk [11, 12], discarding
[146月2025 14:55:51.728] [Server thread/WARN] [net.minecraft.world.level.chunk.storage.ChunkSerializer/]: Found reference to unknown structure 'unchartedlandbeginning:bgg' in chunk [12, 11], discarding
[146月2025 14:55:51.730] [Server thread/ERROR] [net.minecraft.world.level.chunk.storage.ChunkSerializer/]: Unknown structure start: unchartedlandbeginning:bgg
[146月2025 14:55:51.730] [Server thread/WARN] [net.minecraft.world.level.chunk.storage.ChunkSerializer/]: Found reference to unknown structure 'unchartedlandbeginning:bgg' in chunk [12, 12], discarding
[146月2025 14:55:51.882] [Server thread/WARN] [net.minecraft.world.level.chunk.storage.ChunkSerializer/]: Found reference to unknown structure 'unchartedlandbeginning:bgg' in chunk [-8, -10], discarding
[146月2025 14:55:51.884] [Server thread/ERROR] [net.minecraft.world.level.chunk.storage.ChunkSerializer/]: Unknown structure start: unchartedlandbeginning:bgg
[146月2025 14:55:51.884] [Server thread/WARN] [net.minecraft.world.level.chunk.storage.ChunkSerializer/]: Found reference to unknown structure 'unchartedlandbeginning:bgg' in chunk [-7, -10], discarding
[146月2025 14:55:52.123] [Server thread/ERROR] [net.minecraft.world.level.chunk.storage.ChunkSerializer/]: Unknown structure start: unchartedlandbeginning:bgg
[146月2025 14:55:52.123] [Server thread/WARN] [net.minecraft.world.level.chunk.storage.ChunkSerializer/]: Found reference to unknown structure 'unchartedlandbeginning:bgg' in chunk [1, -17], discarding
[146月2025 14:55:52.175] [Server thread/ERROR] [net.minecraft.world.level.chunk.storage.ChunkSerializer/]: Unknown structure start: unchartedlandbeginning:bgg
[146月2025 14:55:52.175] [Server thread/WARN] [net.minecraft.world.level.chunk.storage.ChunkSerializer/]: Found reference to unknown structure 'unchartedlandbeginning:bgg' in chunk [10, -17], discarding
[146月2025 14:55:52.249] [Server thread/ERROR] [net.minecraft.world.level.chunk.storage.ChunkSerializer/]: Unknown structure start: unchartedlandbeginning:bgg
[146月2025 14:55:52.249] [Server thread/WARN] [net.minecraft.world.level.chunk.storage.ChunkSerializer/]: Found reference to unknown structure 'unchartedlandbeginning:bgg' in chunk [13, -9], discarding
[146月2025 14:55:52.427] [Server thread/WARN] [net.minecraft.world.level.chunk.storage.ChunkSerializer/]: Found reference to unknown structure 'unchartedlandbeginning:bgg' in chunk [-18, 2], discarding
[146月2025 14:55:52.427] [Server thread/WARN] [net.minecraft.world.level.chunk.storage.ChunkSerializer/]: Found reference to unknown structure 'unchartedlandbeginning:bgg' in chunk [-17, 2], discarding
[146月2025 14:55:52.428] [Server thread/WARN] [net.minecraft.world.level.chunk.storage.ChunkSerializer/]: Found reference to unknown structure 'unchartedlandbeginning:bgg' in chunk [-18, 3], discarding
[146月2025 14:55:52.429] [Server thread/ERROR] [net.minecraft.world.level.chunk.storage.ChunkSerializer/]: Unknown structure start: unchartedlandbeginning:bgg
[146月2025 14:55:52.429] [Server thread/WARN] [net.minecraft.world.level.chunk.storage.ChunkSerializer/]: Found reference to unknown structure 'unchartedlandbeginning:bgg' in chunk [-17, 3], discarding
[146月2025 14:55:52.430] [Server thread/WARN] [net.minecraft.world.level.chunk.storage.ChunkSerializer/]: Found reference to unknown structure 'unchartedlandbeginning:bgg' in chunk [-18, -20], discarding
[146月2025 14:55:52.431] [Server thread/ERROR] [net.minecraft.world.level.chunk.storage.ChunkSerializer/]: Unknown structure start: unchartedlandbeginning:bgg
[146月2025 14:55:52.431] [Server thread/WARN] [net.minecraft.world.level.chunk.storage.ChunkSerializer/]: Found reference to unknown structure 'unchartedlandbeginning:bgg' in chunk [-17, -20], discarding
[146月2025 14:55:52.451] [Server thread/ERROR] [net.minecraft.world.level.chunk.storage.ChunkSerializer/]: Unknown structure start: unchartedlandbeginning:bgg
[146月2025 14:55:52.452] [Server thread/WARN] [net.minecraft.world.level.chunk.storage.ChunkSerializer/]: Found reference to unknown structure 'unchartedlandbeginning:bgg' in chunk [-19, -9], discarding
[146月2025 14:55:52.465] [Server thread/WARN] [net.minecraft.world.level.chunk.storage.ChunkSerializer/]: Found reference to unknown structure 'unchartedlandbeginning:bgg' in chunk [-18, -21], discarding
[146月2025 14:55:52.468] [Server thread/WARN] [net.minecraft.world.level.chunk.storage.ChunkSerializer/]: Found reference to unknown structure 'unchartedlandbeginning:bgg' in chunk [-17, -21], discarding
[146月2025 14:55:52.480] [Server thread/WARN] [net.minecraft.world.level.chunk.storage.ChunkSerializer/]: Found reference to unknown structure 'unchartedlandbeginning:bgg' in chunk [-20, -9], discarding
[146月2025 14:55:52.513] [Server thread/ERROR] [net.minecraft.world.level.chunk.storage.ChunkSerializer/]: Unknown structure start: unchartedlandbeginning:bgg
[146月2025 14:55:52.513] [Server thread/WARN] [net.minecraft.world.level.chunk.storage.ChunkSerializer/]: Found reference to unknown structure 'unchartedlandbeginning:bgg' in chunk [-18, 11], discarding
[146月2025 14:55:52.587] [Server thread/WARN] [net.minecraft.world.level.chunk.storage.ChunkSerializer/]: Found reference to unknown structure 'unchartedlandbeginning:bgg' in chunk [-19, 20], discarding
[146月2025 14:55:52.653] [Server thread/WARN] [net.minecraft.world.level.chunk.storage.ChunkSerializer/]: Found reference to unknown structure 'unchartedlandbeginning:bgg' in chunk [21, 0], discarding
[146月2025 14:55:52.673] [Server thread/ERROR] [net.minecraft.world.level.chunk.storage.ChunkSerializer/]: Unknown structure start: unchartedlandbeginning:bgg
[146月2025 14:55:52.673] [Server thread/WARN] [net.minecraft.world.level.chunk.storage.ChunkSerializer/]: Found reference to unknown structure 'unchartedlandbeginning:bgg' in chunk [22, 0], discarding
[146月2025 14:55:52.717] [Server thread/ERROR] [net.minecraft.world.level.chunk.storage.ChunkSerializer/]: Unknown structure start: unchartedlandbeginning:bgg
[146月2025 14:55:52.717] [Server thread/WARN] [net.minecraft.world.level.chunk.storage.ChunkSerializer/]: Found reference to unknown structure 'unchartedlandbeginning:bgg' in chunk [-19, 21], discarding
[146月2025 14:55:52.741] [Server thread/WARN] [net.minecraft.world.level.chunk.storage.ChunkSerializer/]: Found reference to unknown structure 'unchartedlandbeginning:bgg' in chunk [22, -8], discarding
[146月2025 14:55:52.743] [Server thread/ERROR] [net.minecraft.world.level.chunk.storage.ChunkSerializer/]: Unknown structure start: unchartedlandbeginning:bgg
[146月2025 14:55:52.743] [Server thread/WARN] [net.minecraft.world.level.chunk.storage.ChunkSerializer/]: Found reference to unknown structure 'unchartedlandbeginning:bgg' in chunk [22, -7], discarding
[146月2025 14:55:52.797] [Render thread/INFO] [net.minecraft.server.level.progress.LoggerChunkProgressListener/]: 正在準備重生點區域：0%
[146月2025 14:55:52.797] [Render thread/INFO] [net.minecraft.server.level.progress.LoggerChunkProgressListener/]: 正在準備重生點區域：0%
[146月2025 14:55:52.797] [Render thread/INFO] [net.minecraft.server.level.progress.LoggerChunkProgressListener/]: 正在準備重生點區域：0%
[146月2025 14:55:52.798] [Render thread/INFO] [net.minecraft.server.level.progress.LoggerChunkProgressListener/]: 正在準備重生點區域：0%
[146月2025 14:55:52.798] [Render thread/INFO] [net.minecraft.server.level.progress.LoggerChunkProgressListener/]: 正在準備重生點區域：0%
[146月2025 14:55:52.798] [Render thread/INFO] [net.minecraft.server.level.progress.LoggerChunkProgressListener/]: 正在準備重生點區域：0%
[146月2025 14:55:52.798] [Render thread/INFO] [net.minecraft.server.level.progress.LoggerChunkProgressListener/]: 正在準備重生點區域：0%
[146月2025 14:55:53.128] [Render thread/INFO] [net.minecraft.server.level.progress.LoggerChunkProgressListener/]: 正在準備重生點區域：4%
[146月2025 14:55:53.636] [Render thread/INFO] [net.minecraft.server.level.progress.LoggerChunkProgressListener/]: 正在準備重生點區域：72%
[146月2025 14:55:53.815] [Server thread/INFO] [net.minecraftforge.server.permission.PermissionAPI/]: Successfully initialized permission handler forge:default_handler
[146月2025 14:55:53.817] [Server thread/INFO] [com.ideaxbohan.unchartedlandbeginning.ULB/]: HELLO from server starting
[146月2025 14:55:53.837] [Render thread/INFO] [net.minecraft.server.level.progress.LoggerChunkProgressListener/]: Time elapsed: 4214 ms
[146月2025 14:55:53.915] [Server thread/INFO] [net.minecraft.client.server.IntegratedServer/]: Changing view distance to 32, from 10
[146月2025 14:55:53.917] [Server thread/INFO] [net.minecraft.client.server.IntegratedServer/]: Changing simulation distance to 32, from 0
[146月2025 14:55:53.971] [Render thread/DEBUG] [io.netty.channel.MultithreadEventLoopGroup/]: -Dio.netty.eventLoopThreads: 32
[146月2025 14:55:53.992] [Render thread/DEBUG] [io.netty.util.internal.InternalThreadLocalMap/]: -Dio.netty.threadLocalMap.stringBuilder.initialSize: 1024
[146月2025 14:55:53.992] [Render thread/DEBUG] [io.netty.util.internal.InternalThreadLocalMap/]: -Dio.netty.threadLocalMap.stringBuilder.maxSize: 4096
[146月2025 14:55:54.001] [Render thread/DEBUG] [io.netty.channel.nio.NioEventLoop/]: -Dio.netty.noKeySetOptimization: false
[146月2025 14:55:54.001] [Render thread/DEBUG] [io.netty.channel.nio.NioEventLoop/]: -Dio.netty.selectorAutoRebuildThreshold: 512
[146月2025 14:55:54.005] [Render thread/DEBUG] [io.netty.util.internal.PlatformDependent/]: org.jctools-core.MpscChunkedArrayQueue: available
[146月2025 14:55:54.067] [Render thread/DEBUG] [io.netty.channel.DefaultChannelId/]: -Dio.netty.processId: 5036 (auto-detected)
[146月2025 14:55:54.072] [Render thread/WARN] [io.netty.util.internal.SystemPropertyUtil/]: Unable to parse the boolean system property 'java.net.preferIPv6Addresses':system - using the default value: false
[146月2025 14:55:54.072] [Render thread/DEBUG] [io.netty.util.NetUtil/]: -Djava.net.preferIPv4Stack: false
[146月2025 14:55:54.072] [Render thread/DEBUG] [io.netty.util.NetUtil/]: -Djava.net.preferIPv6Addresses: false
[146月2025 14:55:54.091] [Render thread/DEBUG] [io.netty.util.NetUtilInitializations/]: Loopback interface: lo (Software Loopback Interface 1, 127.0.0.1)
[146月2025 14:55:54.095] [Render thread/DEBUG] [io.netty.util.NetUtil/]: Failed to get SOMAXCONN from sysctl and file \proc\sys\net\core\somaxconn. Default: 200
[146月2025 14:55:54.159] [Render thread/DEBUG] [io.netty.channel.DefaultChannelId/]: -Dio.netty.machineId: 10:91:d1:ff:fe:28:24:4f (auto-detected)
[146月2025 14:55:54.258] [Render thread/DEBUG] [io.netty.buffer.PooledByteBufAllocator/]: -Dio.netty.allocator.numHeapArenas: 32
[146月2025 14:55:54.259] [Render thread/DEBUG] [io.netty.buffer.PooledByteBufAllocator/]: -Dio.netty.allocator.numDirectArenas: 32
[146月2025 14:55:54.259] [Render thread/DEBUG] [io.netty.buffer.PooledByteBufAllocator/]: -Dio.netty.allocator.pageSize: 8192
[146月2025 14:55:54.259] [Render thread/DEBUG] [io.netty.buffer.PooledByteBufAllocator/]: -Dio.netty.allocator.maxOrder: 9
[146月2025 14:55:54.259] [Render thread/DEBUG] [io.netty.buffer.PooledByteBufAllocator/]: -Dio.netty.allocator.chunkSize: 4194304
[146月2025 14:55:54.259] [Render thread/DEBUG] [io.netty.buffer.PooledByteBufAllocator/]: -Dio.netty.allocator.smallCacheSize: 256
[146月2025 14:55:54.259] [Render thread/DEBUG] [io.netty.buffer.PooledByteBufAllocator/]: -Dio.netty.allocator.normalCacheSize: 64
[146月2025 14:55:54.259] [Render thread/DEBUG] [io.netty.buffer.PooledByteBufAllocator/]: -Dio.netty.allocator.maxCachedBufferCapacity: 32768
[146月2025 14:55:54.259] [Render thread/DEBUG] [io.netty.buffer.PooledByteBufAllocator/]: -Dio.netty.allocator.cacheTrimInterval: 8192
[146月2025 14:55:54.260] [Render thread/DEBUG] [io.netty.buffer.PooledByteBufAllocator/]: -Dio.netty.allocator.cacheTrimIntervalMillis: 0
[146月2025 14:55:54.260] [Render thread/DEBUG] [io.netty.buffer.PooledByteBufAllocator/]: -Dio.netty.allocator.useCacheForAllThreads: false
[146月2025 14:55:54.260] [Render thread/DEBUG] [io.netty.buffer.PooledByteBufAllocator/]: -Dio.netty.allocator.maxCachedByteBuffersPerChunk: 1023
[146月2025 14:55:54.285] [Render thread/DEBUG] [io.netty.buffer.ByteBufUtil/]: -Dio.netty.allocator.type: pooled
[146月2025 14:55:54.285] [Render thread/DEBUG] [io.netty.buffer.ByteBufUtil/]: -Dio.netty.threadLocalDirectBufferSize: 0
[146月2025 14:55:54.287] [Render thread/DEBUG] [io.netty.buffer.ByteBufUtil/]: -Dio.netty.maxThreadLocalCharBufferSize: 16384
[146月2025 14:55:54.344] [Netty Local Client IO #0/DEBUG] [net.minecraftforge.network.HandshakeHandler/FMLHANDSHAKE]: Starting local connection.
[146月2025 14:55:54.887] [Netty Local Client IO #0/DEBUG] [io.netty.util.Recycler/]: -Dio.netty.recycler.maxCapacityPerThread: 4096
[146月2025 14:55:54.888] [Netty Local Client IO #0/DEBUG] [io.netty.util.Recycler/]: -Dio.netty.recycler.ratio: 8
[146月2025 14:55:54.888] [Netty Local Client IO #0/DEBUG] [io.netty.util.Recycler/]: -Dio.netty.recycler.chunkSize: 32
[146月2025 14:55:54.889] [Netty Local Client IO #0/DEBUG] [io.netty.util.Recycler/]: -Dio.netty.recycler.blocking: false
[146月2025 14:55:54.913] [Netty Server IO #1/DEBUG] [io.netty.buffer.AbstractByteBuf/]: -Dio.netty.buffer.checkAccessible: true
[146月2025 14:55:54.913] [Netty Server IO #1/DEBUG] [io.netty.buffer.AbstractByteBuf/]: -Dio.netty.buffer.checkBounds: true
[146月2025 14:55:54.915] [Netty Server IO #1/DEBUG] [io.netty.util.ResourceLeakDetectorFactory/]: Loaded default ResourceLeakDetector: io.netty.util.ResourceLeakDetector@64b2cd15
[146月2025 14:55:54.929] [Netty Server IO #1/DEBUG] [net.minecraftforge.network.HandshakeHandler/FMLHANDSHAKE]: Starting local connection.
[146月2025 14:55:54.955] [Server thread/DEBUG] [net.minecraftforge.network.HandshakeHandler/FMLHANDSHAKE]: Sending ticking packet info 'net.minecraftforge.network.HandshakeMessages$S2CModData' to 'fml:handshake' sequence 0
[146月2025 14:55:54.969] [Netty Local Client IO #0/DEBUG] [net.minecraftforge.network.LoginWrapper/FMLHANDSHAKE]: Recieved login wrapper packet event for channel fml:handshake with index 0
[146月2025 14:55:55.007] [Server thread/DEBUG] [net.minecraftforge.network.HandshakeHandler/FMLHANDSHAKE]: Sending ticking packet info 'net.minecraftforge.network.HandshakeMessages$S2CModList' to 'fml:handshake' sequence 1
[146月2025 14:55:55.009] [Netty Local Client IO #0/DEBUG] [net.minecraftforge.network.LoginWrapper/FMLHANDSHAKE]: Recieved login wrapper packet event for channel fml:handshake with index 1
[146月2025 14:55:55.012] [Netty Local Client IO #0/DEBUG] [net.minecraftforge.network.HandshakeHandler/FMLHANDSHAKE]: Logging into server with mod list [minecraft, forge, unchartedlandbeginning]
[146月2025 14:55:55.015] [Netty Local Client IO #0/DEBUG] [net.minecraftforge.network.NetworkRegistry/NETREGISTRY]: Channel 'fml:loginwrapper' : Version test of 'FML3' from server : ACCEPTED
[146月2025 14:55:55.015] [Netty Local Client IO #0/DEBUG] [net.minecraftforge.network.NetworkRegistry/NETREGISTRY]: Channel 'forge:tier_sorting' : Version test of '1.0' from server : ACCEPTED
[146月2025 14:55:55.015] [Netty Local Client IO #0/DEBUG] [net.minecraftforge.network.NetworkRegistry/NETREGISTRY]: Channel 'fml:handshake' : Version test of 'FML3' from server : ACCEPTED
[146月2025 14:55:55.015] [Netty Local Client IO #0/DEBUG] [net.minecraftforge.network.NetworkRegistry/NETREGISTRY]: Channel 'minecraft:unregister' : Version test of 'FML3' from server : ACCEPTED
[146月2025 14:55:55.015] [Netty Local Client IO #0/DEBUG] [net.minecraftforge.network.NetworkRegistry/NETREGISTRY]: Channel 'fml:play' : Version test of 'FML3' from server : ACCEPTED
[146月2025 14:55:55.015] [Netty Local Client IO #0/DEBUG] [net.minecraftforge.network.NetworkRegistry/NETREGISTRY]: Channel 'minecraft:register' : Version test of 'FML3' from server : ACCEPTED
[146月2025 14:55:55.017] [Netty Local Client IO #0/DEBUG] [net.minecraftforge.network.NetworkRegistry/NETREGISTRY]: Channel 'forge:split' : Version test of '1.1' from server : ACCEPTED
[146月2025 14:55:55.017] [Netty Local Client IO #0/DEBUG] [net.minecraftforge.network.NetworkRegistry/NETREGISTRY]: Accepting channel list from server
[146月2025 14:55:55.021] [Netty Local Client IO #0/DEBUG] [net.minecraftforge.network.LoginWrapper/FMLHANDSHAKE]: Dispatching wrapped packet reply for channel fml:handshake with index 1
[146月2025 14:55:55.022] [Netty Local Client IO #0/DEBUG] [net.minecraftforge.network.HandshakeHandler/FMLHANDSHAKE]: Accepted server connection
[146月2025 14:55:55.022] [Netty Server IO #1/DEBUG] [net.minecraftforge.network.LoginWrapper/FMLHANDSHAKE]: Recieved login wrapper packet event for channel fml:handshake with index 1
[146月2025 14:55:55.023] [Netty Server IO #1/DEBUG] [net.minecraftforge.network.HandshakeHandler/FMLHANDSHAKE]: Received client indexed reply 1 of type net.minecraftforge.network.HandshakeMessages$C2SModListReply
[146月2025 14:55:55.024] [Netty Server IO #1/DEBUG] [net.minecraftforge.network.HandshakeHandler/FMLHANDSHAKE]: Received client connection with modlist [minecraft, forge, unchartedlandbeginning]
[146月2025 14:55:55.025] [Netty Server IO #1/DEBUG] [net.minecraftforge.network.NetworkRegistry/NETREGISTRY]: Channel 'fml:loginwrapper' : Version test of 'FML3' from client : ACCEPTED
[146月2025 14:55:55.025] [Netty Server IO #1/DEBUG] [net.minecraftforge.network.NetworkRegistry/NETREGISTRY]: Channel 'forge:tier_sorting' : Version test of '1.0' from client : ACCEPTED
[146月2025 14:55:55.027] [Netty Server IO #1/DEBUG] [net.minecraftforge.network.NetworkRegistry/NETREGISTRY]: Channel 'fml:handshake' : Version test of 'FML3' from client : ACCEPTED
[146月2025 14:55:55.027] [Netty Server IO #1/DEBUG] [net.minecraftforge.network.NetworkRegistry/NETREGISTRY]: Channel 'minecraft:unregister' : Version test of 'FML3' from client : ACCEPTED
[146月2025 14:55:55.027] [Netty Server IO #1/DEBUG] [net.minecraftforge.network.NetworkRegistry/NETREGISTRY]: Channel 'fml:play' : Version test of 'FML3' from client : ACCEPTED
[146月2025 14:55:55.027] [Netty Server IO #1/DEBUG] [net.minecraftforge.network.NetworkRegistry/NETREGISTRY]: Channel 'minecraft:register' : Version test of 'FML3' from client : ACCEPTED
[146月2025 14:55:55.027] [Netty Server IO #1/DEBUG] [net.minecraftforge.network.NetworkRegistry/NETREGISTRY]: Channel 'forge:split' : Version test of '1.1' from client : ACCEPTED
[146月2025 14:55:55.027] [Netty Server IO #1/DEBUG] [net.minecraftforge.network.NetworkRegistry/NETREGISTRY]: Accepting channel list from client
[146月2025 14:55:55.029] [Netty Server IO #1/DEBUG] [net.minecraftforge.network.HandshakeHandler/FMLHANDSHAKE]: Accepted client connection mod list
[146月2025 14:55:55.055] [Server thread/DEBUG] [net.minecraftforge.network.HandshakeHandler/FMLHANDSHAKE]: Sending ticking packet info 'Config forge-server.toml' to 'fml:handshake' sequence 2
[146月2025 14:55:55.056] [Netty Local Client IO #0/DEBUG] [net.minecraftforge.network.LoginWrapper/FMLHANDSHAKE]: Recieved login wrapper packet event for channel fml:handshake with index 2
[146月2025 14:55:55.056] [Netty Local Client IO #0/DEBUG] [net.minecraftforge.network.HandshakeHandler/FMLHANDSHAKE]: Received config sync from server
[146月2025 14:55:55.056] [Netty Local Client IO #0/DEBUG] [net.minecraftforge.network.LoginWrapper/FMLHANDSHAKE]: Dispatching wrapped packet reply for channel fml:handshake with index 2
[146月2025 14:55:55.056] [Netty Server IO #1/DEBUG] [net.minecraftforge.network.LoginWrapper/FMLHANDSHAKE]: Recieved login wrapper packet event for channel fml:handshake with index 2
[146月2025 14:55:55.056] [Netty Server IO #1/DEBUG] [net.minecraftforge.network.HandshakeHandler/FMLHANDSHAKE]: Received client indexed reply 2 of type net.minecraftforge.network.HandshakeMessages$C2SAcknowledge
[146月2025 14:55:55.056] [Netty Server IO #1/DEBUG] [net.minecraftforge.network.HandshakeHandler/FMLHANDSHAKE]: Received acknowledgement from client
[146月2025 14:55:55.116] [Server thread/DEBUG] [net.minecraftforge.network.HandshakeHandler/FMLHANDSHAKE]: Handshake complete!
[146月2025 14:55:55.158] [Netty Local Client IO #0/INFO] [net.minecraftforge.network.NetworkHooks/]: Connected to a modded server.
[146月2025 14:55:55.260] [Server thread/INFO] [net.minecraftforge.common.AdvancementLoadFix/]: Using new advancement loading for net.minecraft.server.PlayerAdvancements@2f44f6fa
[146月2025 14:55:55.282] [Server thread/INFO] [net.minecraft.server.players.PlayerList/]: Dev[local:E:a0e57e30] logged in with entity id 166 at (11.03604507736418, 80.37053377143107, -244.88440957193646)
[146月2025 14:55:55.416] [Server thread/INFO] [net.minecraft.server.MinecraftServer/]: Dev 加入了遊戲
[146月2025 14:55:56.732] [Server thread/WARN] [net.minecraft.world.level.chunk.storage.ChunkSerializer/]: Found reference to unknown structure 'unchartedlandbeginning:bgg' in chunk [2, -31], discarding
[146月2025 14:55:56.733] [Server thread/WARN] [net.minecraft.world.level.chunk.storage.ChunkSerializer/]: Found reference to unknown structure 'unchartedlandbeginning:bgg' in chunk [3, -31], discarding
[146月2025 14:55:56.774] [Server thread/WARN] [net.minecraft.world.level.chunk.storage.ChunkSerializer/]: Found reference to unknown structure 'unchartedlandbeginning:bgg' in chunk [2, -30], discarding
[146月2025 14:55:56.776] [Server thread/ERROR] [net.minecraft.world.level.chunk.storage.ChunkSerializer/]: Unknown structure start: unchartedlandbeginning:bgg
[146月2025 14:55:56.777] [Server thread/WARN] [net.minecraft.world.level.chunk.storage.ChunkSerializer/]: Found reference to unknown structure 'unchartedlandbeginning:bgg' in chunk [3, -30], discarding
[146月2025 14:55:56.845] [Server thread/WARN] [net.minecraft.world.level.chunk.storage.ChunkSerializer/]: Found reference to unknown structure 'unchartedlandbeginning:bgg' in chunk [9, -27], discarding
[146月2025 14:55:56.847] [Server thread/ERROR] [net.minecraft.world.level.chunk.storage.ChunkSerializer/]: Unknown structure start: unchartedlandbeginning:bgg
[146月2025 14:55:56.847] [Server thread/WARN] [net.minecraft.world.level.chunk.storage.ChunkSerializer/]: Found reference to unknown structure 'unchartedlandbeginning:bgg' in chunk [10, -27], discarding
[146月2025 14:55:56.999] [Server thread/ERROR] [net.minecraft.world.level.chunk.storage.ChunkSerializer/]: Unknown structure start: unchartedlandbeginning:bgg
[146月2025 14:55:57.000] [Server thread/WARN] [net.minecraft.world.level.chunk.storage.ChunkSerializer/]: Found reference to unknown structure 'unchartedlandbeginning:bgg' in chunk [-7, -27], discarding
[146月2025 14:55:58.534] [Server thread/WARN] [net.minecraft.world.level.chunk.storage.ChunkSerializer/]: Found reference to unknown structure 'unchartedlandbeginning:bgg' in chunk [-20, -29], discarding
[146月2025 14:55:58.535] [Server thread/WARN] [net.minecraft.world.level.chunk.storage.ChunkSerializer/]: Found reference to unknown structure 'unchartedlandbeginning:bgg' in chunk [-19, -29], discarding
[146月2025 14:55:58.543] [Server thread/WARN] [net.minecraft.world.level.chunk.storage.ChunkSerializer/]: Found reference to unknown structure 'unchartedlandbeginning:bgg' in chunk [-20, -28], discarding
[146月2025 14:55:58.563] [Server thread/ERROR] [net.minecraft.world.level.chunk.storage.ChunkSerializer/]: Unknown structure start: unchartedlandbeginning:bgg
[146月2025 14:55:58.563] [Server thread/WARN] [net.minecraft.world.level.chunk.storage.ChunkSerializer/]: Found reference to unknown structure 'unchartedlandbeginning:bgg' in chunk [-19, -28], discarding
[146月2025 14:55:59.338] [Server thread/WARN] [net.minecraft.world.level.chunk.storage.ChunkSerializer/]: Found reference to unknown structure 'unchartedlandbeginning:bgg' in chunk [-7, -41], discarding
[146月2025 14:55:59.363] [Server thread/ERROR] [net.minecraft.world.level.chunk.storage.ChunkSerializer/]: Unknown structure start: unchartedlandbeginning:bgg
[146月2025 14:55:59.363] [Server thread/WARN] [net.minecraft.world.level.chunk.storage.ChunkSerializer/]: Found reference to unknown structure 'unchartedlandbeginning:bgg' in chunk [-7, -40], discarding
[146月2025 14:55:59.454] [Server thread/WARN] [net.minecraft.world.level.chunk.storage.ChunkSerializer/]: Found reference to unknown structure 'unchartedlandbeginning:bgg' in chunk [-1, -37], discarding
[146月2025 14:55:59.455] [Server thread/WARN] [net.minecraft.world.level.chunk.storage.ChunkSerializer/]: Found reference to unknown structure 'unchartedlandbeginning:bgg' in chunk [0, -37], discarding
[146月2025 14:55:59.467] [Server thread/WARN] [net.minecraft.world.level.chunk.storage.ChunkSerializer/]: Found reference to unknown structure 'unchartedlandbeginning:bgg' in chunk [-1, -36], discarding
[146月2025 14:55:59.468] [Server thread/ERROR] [net.minecraft.world.level.chunk.storage.ChunkSerializer/]: Unknown structure start: unchartedlandbeginning:bgg
[146月2025 14:55:59.468] [Server thread/WARN] [net.minecraft.world.level.chunk.storage.ChunkSerializer/]: Found reference to unknown structure 'unchartedlandbeginning:bgg' in chunk [0, -36], discarding
[146月2025 14:55:59.910] [Server thread/ERROR] [net.minecraft.world.level.chunk.storage.ChunkSerializer/]: Unknown structure start: unchartedlandbeginning:bgg
[146月2025 14:55:59.910] [Server thread/WARN] [net.minecraft.world.level.chunk.storage.ChunkSerializer/]: Found reference to unknown structure 'unchartedlandbeginning:bgg' in chunk [20, -27], discarding
[146月2025 14:55:59.911] [Server thread/WARN] [net.minecraft.world.level.chunk.storage.ChunkSerializer/]: Found reference to unknown structure 'unchartedlandbeginning:bgg' in chunk [19, -27], discarding
[146月2025 14:56:00.598] [Render thread/DEBUG] [io.netty.util.internal.ThreadLocalRandom/]: -Dio.netty.initialSeedUniquifier: 0x543bccf3e5b25ce1
[146月2025 14:56:00.740] [Render thread/INFO] [net.minecraft.advancements.AdvancementList/]: Loaded 0 advancements
[146月2025 14:56:00.812] [Server thread/WARN] [net.minecraft.world.level.chunk.storage.ChunkSerializer/]: Found reference to unknown structure 'unchartedlandbeginning:bgg' in chunk [-28, -38], discarding
[146月2025 14:56:00.813] [Server thread/ERROR] [net.minecraft.world.level.chunk.storage.ChunkSerializer/]: Unknown structure start: unchartedlandbeginning:bgg
[146月2025 14:56:00.813] [Server thread/WARN] [net.minecraft.world.level.chunk.storage.ChunkSerializer/]: Found reference to unknown structure 'unchartedlandbeginning:bgg' in chunk [-28, -37], discarding
[146月2025 14:56:02.034] [Server thread/WARN] [net.minecraft.world.level.chunk.storage.ChunkSerializer/]: Found reference to unknown structure 'unchartedlandbeginning:bgg' in chunk [22, -41], discarding
[146月2025 14:56:02.074] [Server thread/ERROR] [net.minecraft.world.level.chunk.storage.ChunkSerializer/]: Unknown structure start: unchartedlandbeginning:bgg
[146月2025 14:56:02.074] [Server thread/WARN] [net.minecraft.world.level.chunk.storage.ChunkSerializer/]: Found reference to unknown structure 'unchartedlandbeginning:bgg' in chunk [22, -40], discarding
[146月2025 14:56:02.154] [Server thread/ERROR] [net.minecraft.world.level.chunk.storage.ChunkSerializer/]: Unknown structure start: unchartedlandbeginning:bgg
[146月2025 14:56:02.154] [Server thread/WARN] [net.minecraft.world.level.chunk.storage.ChunkSerializer/]: Found reference to unknown structure 'unchartedlandbeginning:bgg' in chunk [12, -47], discarding
[146月2025 14:56:03.991] [Server thread/WARN] [net.minecraft.world.level.chunk.storage.ChunkSerializer/]: Found reference to unknown structure 'unchartedlandbeginning:bgg' in chunk [-29, 0], discarding
[146月2025 14:56:03.992] [Server thread/ERROR] [net.minecraft.world.level.chunk.storage.ChunkSerializer/]: Unknown structure start: unchartedlandbeginning:bgg
[146月2025 14:56:03.992] [Server thread/WARN] [net.minecraft.world.level.chunk.storage.ChunkSerializer/]: Found reference to unknown structure 'unchartedlandbeginning:bgg' in chunk [-28, 0], discarding
[146月2025 14:56:04.189] [Server thread/WARN] [net.minecraft.world.level.chunk.storage.ChunkSerializer/]: Found reference to unknown structure 'unchartedlandbeginning:bgg' in chunk [-31, 11], discarding
[146月2025 14:56:04.191] [Server thread/ERROR] [net.minecraft.world.level.chunk.storage.ChunkSerializer/]: Unknown structure start: unchartedlandbeginning:bgg
[146月2025 14:56:04.191] [Server thread/WARN] [net.minecraft.world.level.chunk.storage.ChunkSerializer/]: Found reference to unknown structure 'unchartedlandbeginning:bgg' in chunk [-30, 11], discarding
[146月2025 14:56:07.741] [Server thread/WARN] [net.minecraft.world.level.chunk.storage.ChunkSerializer/]: Found reference to unknown structure 'unchartedlandbeginning:bgg' in chunk [-37, -41], discarding
[146月2025 14:56:07.742] [Server thread/WARN] [net.minecraft.world.level.chunk.storage.ChunkSerializer/]: Found reference to unknown structure 'unchartedlandbeginning:bgg' in chunk [-36, -41], discarding
[146月2025 14:56:07.748] [Server thread/WARN] [net.minecraft.world.level.chunk.storage.ChunkSerializer/]: Found reference to unknown structure 'unchartedlandbeginning:bgg' in chunk [-37, -40], discarding
[146月2025 14:56:07.749] [Server thread/ERROR] [net.minecraft.world.level.chunk.storage.ChunkSerializer/]: Unknown structure start: unchartedlandbeginning:bgg
[146月2025 14:56:07.749] [Server thread/WARN] [net.minecraft.world.level.chunk.storage.ChunkSerializer/]: Found reference to unknown structure 'unchartedlandbeginning:bgg' in chunk [-36, -40], discarding
[146月2025 14:56:07.816] [Server thread/ERROR] [net.minecraft.world.level.chunk.storage.ChunkSerializer/]: Unknown structure start: unchartedlandbeginning:bgg
[146月2025 14:56:07.816] [Server thread/WARN] [net.minecraft.world.level.chunk.storage.ChunkSerializer/]: Found reference to unknown structure 'unchartedlandbeginning:bgg' in chunk [-29, -50], discarding
[146月2025 14:56:07.817] [Server thread/WARN] [net.minecraft.world.level.chunk.storage.ChunkSerializer/]: Found reference to unknown structure 'unchartedlandbeginning:bgg' in chunk [-30, -50], discarding
[146月2025 14:56:07.822] [Server thread/WARN] [net.minecraft.world.level.chunk.storage.ChunkSerializer/]: Found reference to unknown structure 'unchartedlandbeginning:bgg' in chunk [-38, -49], discarding
[146月2025 14:56:07.823] [Server thread/ERROR] [net.minecraft.world.level.chunk.storage.ChunkSerializer/]: Unknown structure start: unchartedlandbeginning:bgg
[146月2025 14:56:07.823] [Server thread/WARN] [net.minecraft.world.level.chunk.storage.ChunkSerializer/]: Found reference to unknown structure 'unchartedlandbeginning:bgg' in chunk [-38, -48], discarding
[146月2025 14:56:07.871] [Server thread/WARN] [net.minecraft.world.level.chunk.storage.ChunkSerializer/]: Found reference to unknown structure 'unchartedlandbeginning:bgg' in chunk [-39, -49], discarding
[146月2025 14:56:07.872] [Server thread/WARN] [net.minecraft.world.level.chunk.storage.ChunkSerializer/]: Found reference to unknown structure 'unchartedlandbeginning:bgg' in chunk [-39, -48], discarding
[146月2025 14:56:07.893] [Server thread/ERROR] [net.minecraft.world.level.chunk.storage.ChunkSerializer/]: Unknown structure start: unchartedlandbeginning:bgg
[146月2025 14:56:07.893] [Server thread/WARN] [net.minecraft.world.level.chunk.storage.ChunkSerializer/]: Found reference to unknown structure 'unchartedlandbeginning:bgg' in chunk [-29, -30], discarding
[146月2025 14:56:08.334] [Server thread/WARN] [net.minecraft.world.level.chunk.storage.ChunkSerializer/]: Found reference to unknown structure 'unchartedlandbeginning:bgg' in chunk [-1, -49], discarding
[146月2025 14:56:08.334] [Server thread/ERROR] [net.minecraft.world.level.chunk.storage.ChunkSerializer/]: Unknown structure start: unchartedlandbeginning:bgg
[146月2025 14:56:08.335] [Server thread/WARN] [net.minecraft.world.level.chunk.storage.ChunkSerializer/]: Found reference to unknown structure 'unchartedlandbeginning:bgg' in chunk [0, -49], discarding
[146月2025 14:56:08.354] [Server thread/WARN] [net.minecraft.world.level.chunk.storage.ChunkSerializer/]: Found reference to unknown structure 'unchartedlandbeginning:bgg' in chunk [12, -48], discarding
[146月2025 14:56:08.427] [Server thread/WARN] [net.minecraft.world.level.chunk.storage.ChunkSerializer/]: Found reference to unknown structure 'unchartedlandbeginning:bgg' in chunk [-6, -51], discarding
[146月2025 14:56:08.428] [Server thread/ERROR] [net.minecraft.world.level.chunk.storage.ChunkSerializer/]: Unknown structure start: unchartedlandbeginning:bgg
[146月2025 14:56:08.428] [Server thread/WARN] [net.minecraft.world.level.chunk.storage.ChunkSerializer/]: Found reference to unknown structure 'unchartedlandbeginning:bgg' in chunk [-6, -50], discarding
[146月2025 14:56:08.939] [Server thread/WARN] [net.minecraft.world.level.chunk.storage.ChunkSerializer/]: Found reference to unknown structure 'unchartedlandbeginning:bgg' in chunk [-18, -48], discarding
[146月2025 14:56:08.939] [Server thread/WARN] [net.minecraft.world.level.chunk.storage.ChunkSerializer/]: Found reference to unknown structure 'unchartedlandbeginning:bgg' in chunk [-17, -48], discarding
[146月2025 14:56:08.940] [Server thread/WARN] [net.minecraft.world.level.chunk.storage.ChunkSerializer/]: Found reference to unknown structure 'unchartedlandbeginning:bgg' in chunk [-18, -47], discarding
[146月2025 14:56:08.941] [Server thread/ERROR] [net.minecraft.world.level.chunk.storage.ChunkSerializer/]: Unknown structure start: unchartedlandbeginning:bgg
[146月2025 14:56:08.941] [Server thread/WARN] [net.minecraft.world.level.chunk.storage.ChunkSerializer/]: Found reference to unknown structure 'unchartedlandbeginning:bgg' in chunk [-17, -47], discarding
[146月2025 14:56:09.803] [Server thread/WARN] [net.minecraft.world.level.chunk.storage.ChunkSerializer/]: Found reference to unknown structure 'unchartedlandbeginning:bgg' in chunk [23, -50], discarding
[146月2025 14:56:09.804] [Server thread/WARN] [net.minecraft.world.level.chunk.storage.ChunkSerializer/]: Found reference to unknown structure 'unchartedlandbeginning:bgg' in chunk [24, -50], discarding
[146月2025 14:56:09.814] [Server thread/WARN] [net.minecraft.world.level.chunk.storage.ChunkSerializer/]: Found reference to unknown structure 'unchartedlandbeginning:bgg' in chunk [23, -49], discarding
[146月2025 14:56:09.815] [Server thread/ERROR] [net.minecraft.world.level.chunk.storage.ChunkSerializer/]: Unknown structure start: unchartedlandbeginning:bgg
[146月2025 14:56:09.815] [Server thread/WARN] [net.minecraft.world.level.chunk.storage.ChunkSerializer/]: Found reference to unknown structure 'unchartedlandbeginning:bgg' in chunk [24, -49], discarding
[146月2025 14:56:09.832] [Server thread/WARN] [net.minecraft.world.level.chunk.storage.ChunkSerializer/]: Found reference to unknown structure 'unchartedlandbeginning:bgg' in chunk [32, -47], discarding
[146月2025 14:56:09.834] [Server thread/WARN] [net.minecraft.world.level.chunk.storage.ChunkSerializer/]: Found reference to unknown structure 'unchartedlandbeginning:bgg' in chunk [33, -47], discarding
[146月2025 14:56:09.858] [Server thread/WARN] [net.minecraft.world.level.chunk.storage.ChunkSerializer/]: Found reference to unknown structure 'unchartedlandbeginning:bgg' in chunk [32, -46], discarding
[146月2025 14:56:09.859] [Server thread/ERROR] [net.minecraft.world.level.chunk.storage.ChunkSerializer/]: Unknown structure start: unchartedlandbeginning:bgg
[146月2025 14:56:09.859] [Server thread/WARN] [net.minecraft.world.level.chunk.storage.ChunkSerializer/]: Found reference to unknown structure 'unchartedlandbeginning:bgg' in chunk [33, -46], discarding
[146月2025 14:56:09.884] [Server thread/WARN] [net.minecraft.world.level.chunk.storage.ChunkSerializer/]: Found reference to unknown structure 'unchartedlandbeginning:bgg' in chunk [32, -40], discarding
[146月2025 14:56:09.884] [Server thread/WARN] [net.minecraft.world.level.chunk.storage.ChunkSerializer/]: Found reference to unknown structure 'unchartedlandbeginning:bgg' in chunk [33, -40], discarding
[146月2025 14:56:09.888] [Server thread/WARN] [net.minecraft.world.level.chunk.storage.ChunkSerializer/]: Found reference to unknown structure 'unchartedlandbeginning:bgg' in chunk [32, -39], discarding
[146月2025 14:56:09.889] [Server thread/ERROR] [net.minecraft.world.level.chunk.storage.ChunkSerializer/]: Unknown structure start: unchartedlandbeginning:bgg
[146月2025 14:56:09.889] [Server thread/WARN] [net.minecraft.world.level.chunk.storage.ChunkSerializer/]: Found reference to unknown structure 'unchartedlandbeginning:bgg' in chunk [33, -39], discarding
[146月2025 14:56:13.348] [Server thread/WARN] [net.minecraft.world.level.chunk.storage.ChunkSerializer/]: Found reference to unknown structure 'unchartedlandbeginning:bgg' in chunk [-40, 10], discarding
[146月2025 14:56:14.360] [Server thread/ERROR] [net.minecraft.world.level.chunk.storage.ChunkSerializer/]: Unknown structure start: unchartedlandbeginning:bgg
[146月2025 14:56:14.361] [Server thread/WARN] [net.minecraft.world.level.chunk.storage.ChunkSerializer/]: Found reference to unknown structure 'unchartedlandbeginning:bgg' in chunk [-40, 11], discarding
[146月2025 14:56:14.439] [Server thread/ERROR] [net.minecraft.world.level.chunk.storage.ChunkSerializer/]: Unknown structure start: unchartedlandbeginning:bgg
[146月2025 14:56:14.439] [Server thread/WARN] [net.minecraft.world.level.chunk.storage.ChunkSerializer/]: Found reference to unknown structure 'unchartedlandbeginning:bgg' in chunk [-38, 21], discarding
[146月2025 14:56:18.816] [Server thread/WARN] [net.minecraft.world.level.chunk.storage.ChunkSerializer/]: Found reference to unknown structure 'unchartedlandbeginning:bgg' in chunk [23, -60], discarding
[146月2025 14:56:18.830] [Server thread/ERROR] [net.minecraft.world.level.chunk.storage.ChunkSerializer/]: Unknown structure start: unchartedlandbeginning:bgg
[146月2025 14:56:18.830] [Server thread/WARN] [net.minecraft.world.level.chunk.storage.ChunkSerializer/]: Found reference to unknown structure 'unchartedlandbeginning:bgg' in chunk [23, -59], discarding
[146月2025 14:56:21.590] [Server thread/WARN] [net.minecraft.world.level.chunk.storage.ChunkSerializer/]: Found reference to unknown structure 'unchartedlandbeginning:bgg' in chunk [-28, -61], discarding
[146月2025 14:56:21.592] [Server thread/WARN] [net.minecraft.world.level.chunk.storage.ChunkSerializer/]: Found reference to unknown structure 'unchartedlandbeginning:bgg' in chunk [-27, -61], discarding
[146月2025 14:56:21.602] [Server thread/WARN] [net.minecraft.world.level.chunk.storage.ChunkSerializer/]: Found reference to unknown structure 'unchartedlandbeginning:bgg' in chunk [-28, -60], discarding
[146月2025 14:56:21.603] [Server thread/ERROR] [net.minecraft.world.level.chunk.storage.ChunkSerializer/]: Unknown structure start: unchartedlandbeginning:bgg
[146月2025 14:56:21.603] [Server thread/WARN] [net.minecraft.world.level.chunk.storage.ChunkSerializer/]: Found reference to unknown structure 'unchartedlandbeginning:bgg' in chunk [-27, -60], discarding
[146月2025 14:56:21.638] [Server thread/WARN] [net.minecraft.world.level.chunk.storage.ChunkSerializer/]: Found reference to unknown structure 'unchartedlandbeginning:bgg' in chunk [-38, -58], discarding
[146月2025 14:56:21.647] [Server thread/ERROR] [net.minecraft.world.level.chunk.storage.ChunkSerializer/]: Unknown structure start: unchartedlandbeginning:bgg
[146月2025 14:56:21.647] [Server thread/WARN] [net.minecraft.world.level.chunk.storage.ChunkSerializer/]: Found reference to unknown structure 'unchartedlandbeginning:bgg' in chunk [-38, -57], discarding
[146月2025 14:56:21.787] [Server thread/ERROR] [net.minecraft.world.level.chunk.storage.ChunkSerializer/]: Unknown structure start: unchartedlandbeginning:bgg
[146月2025 14:56:21.788] [Server thread/WARN] [net.minecraft.world.level.chunk.storage.ChunkSerializer/]: Found reference to unknown structure 'unchartedlandbeginning:bgg' in chunk [-19, -56], discarding
[146月2025 14:56:21.831] [Server thread/ERROR] [net.minecraft.world.level.chunk.storage.ChunkSerializer/]: Unknown structure start: unchartedlandbeginning:bgg
[146月2025 14:56:21.833] [Server thread/ERROR] [net.minecraft.world.level.chunk.storage.ChunkSerializer/]: Unknown structure start: unchartedlandbeginning:bgg
[146月2025 14:56:21.985] [Server thread/ERROR] [net.minecraft.world.level.chunk.storage.ChunkSerializer/]: Unknown structure start: unchartedlandbeginning:bgg
[146月2025 14:56:21.985] [Server thread/WARN] [net.minecraft.world.level.chunk.storage.ChunkSerializer/]: Found reference to unknown structure 'unchartedlandbeginning:bgg' in chunk [-8, -59], discarding
[146月2025 14:56:21.990] [Server thread/WARN] [net.minecraft.world.level.chunk.storage.ChunkSerializer/]: Found reference to unknown structure 'unchartedlandbeginning:bgg' in chunk [0, -59], discarding
[146月2025 14:56:21.990] [Server thread/ERROR] [net.minecraft.world.level.chunk.storage.ChunkSerializer/]: Unknown structure start: unchartedlandbeginning:bgg
[146月2025 14:56:21.990] [Server thread/WARN] [net.minecraft.world.level.chunk.storage.ChunkSerializer/]: Found reference to unknown structure 'unchartedlandbeginning:bgg' in chunk [1, -59], discarding
[146月2025 14:56:23.593] [Server thread/ERROR] [net.minecraft.world.level.chunk.storage.ChunkSerializer/]: Unknown structure start: unchartedlandbeginning:bgg
[146月2025 14:56:23.623] [Server thread/ERROR] [net.minecraft.world.level.chunk.storage.ChunkSerializer/]: Unknown structure start: unchartedlandbeginning:bgg
[146月2025 14:56:25.066] [Server thread/ERROR] [net.minecraft.world.level.chunk.storage.ChunkSerializer/]: Unknown structure start: unchartedlandbeginning:bgg
[146月2025 14:56:26.987] [Server thread/ERROR] [net.minecraft.world.level.chunk.storage.ChunkSerializer/]: Unknown structure start: unchartedlandbeginning:bgg
[146月2025 14:56:26.995] [Server thread/ERROR] [net.minecraft.world.level.chunk.storage.ChunkSerializer/]: Unknown structure start: unchartedlandbeginning:bgg
[146月2025 14:56:27.057] [Server thread/WARN] [net.minecraft.world.level.chunk.storage.ChunkSerializer/]: Found reference to unknown structure 'unchartedlandbeginning:bgg' in chunk [13, -60], discarding
[146月2025 14:56:27.058] [Server thread/ERROR] [net.minecraft.world.level.chunk.storage.ChunkSerializer/]: Unknown structure start: unchartedlandbeginning:bgg
[146月2025 14:56:27.058] [Server thread/WARN] [net.minecraft.world.level.chunk.storage.ChunkSerializer/]: Found reference to unknown structure 'unchartedlandbeginning:bgg' in chunk [14, -60], discarding
[146月2025 14:56:27.077] [Server thread/ERROR] [net.minecraft.world.level.chunk.storage.ChunkSerializer/]: Unknown structure start: unchartedlandbeginning:bgg
[146月2025 14:56:30.364] [Server thread/ERROR] [net.minecraft.world.level.chunk.storage.ChunkSerializer/]: Unknown structure start: unchartedlandbeginning:bgg
[146月2025 14:56:32.670] [Server thread/ERROR] [net.minecraft.world.level.chunk.storage.ChunkSerializer/]: Unknown structure start: unchartedlandbeginning:bgg
[146月2025 14:56:34.055] [Server thread/ERROR] [net.minecraft.world.level.chunk.storage.ChunkSerializer/]: Unknown structure start: unchartedlandbeginning:bgg
[146月2025 14:56:43.048] [Server thread/INFO] [net.minecraft.server.MinecraftServer/]: [Dev: 傳送 Dev 到 0.500000, 0.000000, 0.500000]
[146月2025 14:56:43.127] [Render thread/INFO] [net.minecraft.client.gui.components.ChatComponent/]: [System] [CHAT] 傳送 Dev 到 0.500000, 0.000000, 0.500000
[146月2025 14:56:44.854] [Server thread/WARN] [net.minecraft.world.level.chunk.storage.ChunkSerializer/]: Found reference to unknown structure 'unchartedlandbeginning:bgg' in chunk [2, 30], discarding
[146月2025 14:56:44.854] [Server thread/ERROR] [net.minecraft.world.level.chunk.storage.ChunkSerializer/]: Unknown structure start: unchartedlandbeginning:bgg
[146月2025 14:56:44.854] [Server thread/WARN] [net.minecraft.world.level.chunk.storage.ChunkSerializer/]: Found reference to unknown structure 'unchartedlandbeginning:bgg' in chunk [3, 30], discarding
[146月2025 14:56:44.941] [Server thread/WARN] [net.minecraft.world.level.chunk.storage.ChunkSerializer/]: Found reference to unknown structure 'unchartedlandbeginning:bgg' in chunk [-9, 29], discarding
[146月2025 14:56:44.941] [Server thread/ERROR] [net.minecraft.world.level.chunk.storage.ChunkSerializer/]: Unknown structure start: unchartedlandbeginning:bgg
[146月2025 14:56:44.941] [Server thread/WARN] [net.minecraft.world.level.chunk.storage.ChunkSerializer/]: Found reference to unknown structure 'unchartedlandbeginning:bgg' in chunk [-9, 30], discarding
[146月2025 14:56:45.141] [Server thread/WARN] [net.minecraft.world.level.chunk.storage.ChunkSerializer/]: Found reference to unknown structure 'unchartedlandbeginning:bgg' in chunk [-10, 29], discarding
[146月2025 14:56:45.143] [Server thread/WARN] [net.minecraft.world.level.chunk.storage.ChunkSerializer/]: Found reference to unknown structure 'unchartedlandbeginning:bgg' in chunk [-10, 30], discarding
[146月2025 14:56:45.749] [Server thread/ERROR] [net.minecraft.world.level.chunk.storage.ChunkSerializer/]: Unknown structure start: unchartedlandbeginning:bgg
[146月2025 14:56:48.614] [Server thread/ERROR] [net.minecraft.world.level.chunk.storage.ChunkSerializer/]: Unknown structure start: unchartedlandbeginning:bgg
[146月2025 14:57:51.112] [Server thread/INFO] [net.minecraft.server.MinecraftServer/]: [Dev: 傳送 Dev 到 100000.500000, 64.000000, 100000.500000]
[146月2025 14:57:51.115] [Render thread/INFO] [net.minecraft.client.gui.components.ChatComponent/]: [System] [CHAT] 傳送 Dev 到 100000.500000, 64.000000, 100000.500000
[146月2025 14:58:43.178] [Server thread/INFO] [net.minecraft.server.MinecraftServer/]: [Dev: 傳送 Dev 到 50065.500000, 64.000000, 156151.500000]
[146月2025 14:58:43.184] [Render thread/INFO] [net.minecraft.client.gui.components.ChatComponent/]: [System] [CHAT] 傳送 Dev 到 50065.500000, 64.000000, 156151.500000
[146月2025 14:59:24.467] [Server thread/INFO] [net.minecraft.client.server.IntegratedServer/]: Saving and pausing game...
[146月2025 14:59:24.481] [Server thread/INFO] [net.minecraft.server.MinecraftServer/]: Saving chunks for level 'ServerLevel[bggbb]'/minecraft:overworld
[146月2025 14:59:24.505] [Server thread/INFO] [net.minecraft.server.MinecraftServer/]: Saving chunks for level 'ServerLevel[bggbb]'/minecraft:the_nether
[146月2025 14:59:24.507] [Server thread/INFO] [net.minecraft.server.MinecraftServer/]: Saving chunks for level 'ServerLevel[bggbb]'/minecraft:the_end
[146月2025 14:59:24.511] [Server thread/DEBUG] [net.minecraftforge.common.ForgeHooks/WP]: Gathering id map for writing to world save bggbb
[146月2025 14:59:24.519] [Server thread/DEBUG] [net.minecraftforge.common.ForgeHooks/WP]: ID Map collection complete bggbb
[146月2025 14:59:32.867] [Server thread/INFO] [net.minecraft.client.server.IntegratedServer/]: Saving and pausing game...
[146月2025 14:59:32.876] [Server thread/INFO] [net.minecraft.server.MinecraftServer/]: Saving chunks for level 'ServerLevel[bggbb]'/minecraft:overworld
[146月2025 14:59:32.883] [Server thread/INFO] [net.minecraft.server.MinecraftServer/]: Saving chunks for level 'ServerLevel[bggbb]'/minecraft:the_nether
[146月2025 14:59:32.884] [Server thread/INFO] [net.minecraft.server.MinecraftServer/]: Saving chunks for level 'ServerLevel[bggbb]'/minecraft:the_end
[146月2025 14:59:32.885] [Server thread/DEBUG] [net.minecraftforge.common.ForgeHooks/WP]: Gathering id map for writing to world save bggbb
[146月2025 14:59:32.890] [Server thread/DEBUG] [net.minecraftforge.common.ForgeHooks/WP]: ID Map collection complete bggbb
[146月2025 14:59:37.517] [Server thread/INFO] [net.minecraft.client.server.IntegratedServer/]: Saving and pausing game...
[146月2025 14:59:37.523] [Server thread/INFO] [net.minecraft.server.MinecraftServer/]: Saving chunks for level 'ServerLevel[bggbb]'/minecraft:overworld
[146月2025 14:59:37.534] [Server thread/INFO] [net.minecraft.server.MinecraftServer/]: Saving chunks for level 'ServerLevel[bggbb]'/minecraft:the_nether
[146月2025 14:59:37.535] [Server thread/INFO] [net.minecraft.server.MinecraftServer/]: Saving chunks for level 'ServerLevel[bggbb]'/minecraft:the_end
[146月2025 14:59:37.537] [Server thread/DEBUG] [net.minecraftforge.common.ForgeHooks/WP]: Gathering id map for writing to world save bggbb
[146月2025 14:59:37.541] [Server thread/DEBUG] [net.minecraftforge.common.ForgeHooks/WP]: ID Map collection complete bggbb
